mean_score,total_steps,std_score,max_score,min_score
-509.86,0,0.0,-509.86,-509.86
-509.17,1,0.0,-509.17,-509.17
-509.71,2,0.0,-509.71,-509.71
-510.22,3,0.0,-510.22,-510.22
-509.77,4,0.0,-509.77,-509.77
-509.8,5,0.0,-509.8,-509.8
-509.98,6,0.0,-509.98,-509.98
-509.98,7,0.0,-509.98,-509.98
-509.09,8,0.0,-509.09,-509.09
-509.86,9,0.0,-509.86,-509.86
-509.95,10,0.0,-509.95,-509.95
-509.33,11,0.0,-509.33,-509.33
-510.07,12,0.0,-510.07,-510.07
-509.89,13,0.0,-509.89,-509.89
-509.29,14,0.0,-509.29,-509.29
-510.38,15,0.0,-510.38,-510.38
-509.4,16,0.0,-509.4,-509.4
-509.72,17,0.0,-509.72,-509.72
-509.34,18,0.0,-509.34,-509.34
-509.48,19,0.0,-509.48,-509.48
-510.47,20,0.0,-510.47,-510.47
-509.97,21,0.0,-509.97,-509.97
-508.9,22,0.0,-508.9,-508.9
-509.53,23,0.0,-509.53,-509.53
-509.44,24,0.0,-509.44,-509.44
-508.74,25,0.0,-508.74,-508.74
-509.12,26,0.0,-509.12,-509.12
-509.48,27,0.0,-509.48,-509.48
-509.7,28,0.0,-509.7,-509.7
-509.08,29,0.0,-509.08,-509.08
-509.25,30,0.0,-509.25,-509.25
-510.56,31,0.0,-510.56,-510.56
-509.02,32,0.0,-509.02,-509.02
-510.55,33,0.0,-510.55,-510.55
-509.9,34,0.0,-509.9,-509.9
-510.23,35,0.0,-510.23,-510.23
-510.02,36,0.0,-510.02,-510.02
-510.02,37,0.0,-510.02,-510.02
-509.76,38,0.0,-509.76,-509.76
-510.53,39,0.0,-510.53,-510.53
-510.19,40,0.0,-510.19,-510.19
-510.17,41,0.0,-510.17,-510.17
-509.74,42,0.0,-509.74,-509.74
-510.16,43,0.0,-510.16,-510.16
-510.12,44,0.0,-510.12,-510.12
-509.99,45,0.0,-509.99,-509.99
-510.47,46,0.0,-510.47,-510.47
-509.45,47,0.0,-509.45,-509.45
-509.89,48,0.0,-509.89,-509.89
-510.82,49,0.0,-510.82,-510.82
-508.12,50,0.0,-508.12,-508.12
-505.67,51,0.0,-505.67,-505.67
-505.3,52,0.0,-505.3,-505.3
-505.7,53,0.0,-505.7,-505.7
-505.19,54,0.0,-505.19,-505.19
-505.01,55,0.0,-505.01,-505.01
-504.98,56,0.0,-504.98,-504.98
-505.38,57,0.0,-505.38,-505.38
-505.33,58,0.0,-505.33,-505.33
-505.41,59,0.0,-505.41,-505.41
-505.17,60,0.0,-505.17,-505.17
-505.73,61,0.0,-505.73,-505.73
-505.25,62,0.0,-505.25,-505.25
-504.74,63,0.0,-504.74,-504.74
-505.03,64,0.0,-505.03,-505.03
-505.49,65,0.0,-505.49,-505.49
-505.4,66,0.0,-505.4,-505.4
-505.31,67,0.0,-505.31,-505.31
-505.07,68,0.0,-505.07,-505.07
-505.11,69,0.0,-505.11,-505.11
-505.0,70,0.0,-505.0,-505.0
-505.79,71,0.0,-505.79,-505.79
-505.03,72,0.0,-505.03,-505.03
-505.21,73,0.0,-505.21,-505.21
-504.94,74,0.0,-504.94,-504.94
-505.41,75,0.0,-505.41,-505.41
-505.28,76,0.0,-505.28,-505.28
-504.63,77,0.0,-504.63,-504.63
-504.74,78,0.0,-504.74,-504.74
-505.32,79,0.0,-505.32,-505.32
-505.2,80,0.0,-505.2,-505.2
-507.33,81,0.0,-507.33,-507.33
-508.84,82,0.0,-508.84,-508.84
-507.03,83,0.0,-507.03,-507.03
-498.27,84,0.0,-498.27,-498.27
-509.59,85,0.0,-509.59,-509.59
-509.61,86,0.0,-509.61,-509.61
-507.25,87,0.0,-507.25,-507.25
-506.14,88,0.0,-506.14,-506.14
-505.72,89,0.0,-505.72,-505.72
-506.12,90,0.0,-506.12,-506.12
-506.55,91,0.0,-506.55,-506.55
-506.2,92,0.0,-506.2,-506.2
-506.48,93,0.0,-506.48,-506.48
-501.41,94,0.0,-501.41,-501.41
-508.47,95,0.0,-508.47,-508.47
-507.43,96,0.0,-507.43,-507.43
-502.95,97,0.0,-502.95,-502.95
-508.41,98,0.0,-508.41,-508.41
-509.08,99,0.0,-509.08,-509.08
-506.52,100,0.0,-506.52,-506.52
-505.7,101,0.0,-505.7,-505.7
-505.82,102,0.0,-505.82,-505.82
-506.89,103,0.0,-506.89,-506.89
-508.88,104,0.0,-508.88,-508.88
-508.41,105,0.0,-508.41,-508.41
-509.35,106,0.0,-509.35,-509.35
-509.75,107,0.0,-509.75,-509.75
-509.5,108,0.0,-509.5,-509.5
-509.19,109,0.0,-509.19,-509.19
-509.65,110,0.0,-509.65,-509.65
-509.13,111,0.0,-509.13,-509.13
-503.89,112,0.0,-503.89,-503.89
-508.77,113,0.0,-508.77,-508.77
-510.27,114,0.0,-510.27,-510.27
-509.4,115,0.0,-509.4,-509.4
-509.56,116,0.0,-509.56,-509.56
-510.59,117,0.0,-510.59,-510.59
-498.34,118,0.0,-498.34,-498.34
-510.22,119,0.0,-510.22,-510.22
-508.74,120,0.0,-508.74,-508.74
-506.94,121,0.0,-506.94,-506.94
-511.08,122,0.0,-511.08,-511.08
-508.67,123,0.0,-508.67,-508.67
-507.55,124,0.0,-507.55,-507.55
-509.58,125,0.0,-509.58,-509.58
-505.16,126,0.0,-505.16,-505.16
-512.3,127,0.0,-512.3,-512.3
-510.52,128,0.0,-510.52,-510.52
-510.1,129,0.0,-510.1,-510.1
-512.0,130,0.0,-512.0,-512.0
-513.42,131,0.0,-513.42,-513.42
-514.28,132,0.0,-514.28,-514.28
-512.03,133,0.0,-512.03,-512.03
-513.17,134,0.0,-513.17,-513.17
-515.32,135,0.0,-515.32,-515.32
-515.28,136,0.0,-515.28,-515.28
-514.02,137,0.0,-514.02,-514.02
-507.48,138,0.0,-507.48,-507.48
-515.49,139,0.0,-515.49,-515.49
-516.21,140,0.0,-516.21,-516.21
-514.18,141,0.0,-514.18,-514.18
-511.74,142,0.0,-511.74,-511.74
-515.12,143,0.0,-515.12,-515.12
-514.31,144,0.0,-514.31,-514.31
-509.02,145,0.0,-509.02,-509.02
-509.89,146,0.0,-509.89,-509.89
-509.54,147,0.0,-509.54,-509.54
-504.58,148,0.0,-504.58,-504.58
-511.79,149,0.0,-511.79,-511.79
-510.53,150,0.0,-510.53,-510.53
-505.23,151,0.0,-505.23,-505.23
-507.04,152,0.0,-507.04,-507.04
-510.18,153,0.0,-510.18,-510.18
-509.97,154,0.0,-509.97,-509.97
-509.49,155,0.0,-509.49,-509.49
-503.06,156,0.0,-503.06,-503.06
-507.47,157,0.0,-507.47,-507.47
-509.41,158,0.0,-509.41,-509.41
-510.68,159,0.0,-510.68,-510.68
-510.08,160,0.0,-510.08,-510.08
-507.81,161,0.0,-507.81,-507.81
-508.94,162,0.0,-508.94,-508.94
-504.33,163,0.0,-504.33,-504.33
-509.51,164,0.0,-509.51,-509.51
-508.94,165,0.0,-508.94,-508.94
-505.95,166,0.0,-505.95,-505.95
-509.49,167,0.0,-509.49,-509.49
-510.04,168,0.0,-510.04,-510.04
-509.52,169,0.0,-509.52,-509.52
-507.27,170,0.0,-507.27,-507.27
-506.8,171,0.0,-506.8,-506.8
-503.24,172,0.0,-503.24,-503.24
-504.81,173,0.0,-504.81,-504.81
-503.12,174,0.0,-503.12,-503.12
-508.58,175,0.0,-508.58,-508.58
-510.04,176,0.0,-510.04,-510.04
-510.12,177,0.0,-510.12,-510.12
-507.83,178,0.0,-507.83,-507.83
-508.29,179,0.0,-508.29,-508.29
-509.74,180,0.0,-509.74,-509.74
-507.89,181,0.0,-507.89,-507.89
-507.27,182,0.0,-507.27,-507.27
-508.38,183,0.0,-508.38,-508.38
-508.77,184,0.0,-508.77,-508.77
-509.28,185,0.0,-509.28,-509.28
-510.02,186,0.0,-510.02,-510.02
-509.26,187,0.0,-509.26,-509.26
-507.24,188,0.0,-507.24,-507.24
-509.47,189,0.0,-509.47,-509.47
-506.98,190,0.0,-506.98,-506.98
-510.4,191,0.0,-510.4,-510.4
-503.57,192,0.0,-503.57,-503.57
-509.09,193,0.0,-509.09,-509.09
-507.16,194,0.0,-507.16,-507.16
-509.58,195,0.0,-509.58,-509.58
-510.09,196,0.0,-510.09,-510.09
-509.74,197,0.0,-509.74,-509.74
-509.34,198,0.0,-509.34,-509.34
-509.23,199,0.0,-509.23,-509.23
-511.47,200,0.0,-511.47,-511.47
-507.86,201,0.0,-507.86,-507.86
-510.42,202,0.0,-510.42,-510.42
-509.22,203,0.0,-509.22,-509.22
-509.95,204,0.0,-509.95,-509.95
-509.33,205,0.0,-509.33,-509.33
-509.65,206,0.0,-509.65,-509.65
-510.08,207,0.0,-510.08,-510.08
-510.31,208,0.0,-510.31,-510.31
-508.9,209,0.0,-508.9,-508.9
-510.16,210,0.0,-510.16,-510.16
-507.76,211,0.0,-507.76,-507.76
-510.62,212,0.0,-510.62,-510.62
-509.55,213,0.0,-509.55,-509.55
-509.98,214,0.0,-509.98,-509.98
-508.16,215,0.0,-508.16,-508.16
-509.11,216,0.0,-509.11,-509.11
-510.4,217,0.0,-510.4,-510.4
-509.75,218,0.0,-509.75,-509.75
-504.44,219,0.0,-504.44,-504.44
-507.87,220,0.0,-507.87,-507.87
-505.26,221,0.0,-505.26,-505.26
-503.78,222,0.0,-503.78,-503.78
-504.21,223,0.0,-504.21,-504.21
-508.39,224,0.0,-508.39,-508.39
-498.74,225,0.0,-498.74,-498.74
-504.27,226,0.0,-504.27,-504.27
-511.23,227,0.0,-511.23,-511.23
-509.49,228,0.0,-509.49,-509.49
-505.05,229,0.0,-505.05,-505.05
-510.95,230,0.0,-510.95,-510.95
-505.27,231,0.0,-505.27,-505.27
-507.82,232,0.0,-507.82,-507.82
-509.56,233,0.0,-509.56,-509.56
-508.63,234,0.0,-508.63,-508.63
-497.94,235,0.0,-497.94,-497.94
-508.68,236,0.0,-508.68,-508.68
-510.11,237,0.0,-510.11,-510.11
-509.77,238,0.0,-509.77,-509.77
-510.46,239,0.0,-510.46,-510.46
-509.73,240,0.0,-509.73,-509.73
-510.96,241,0.0,-510.96,-510.96
-511.67,242,0.0,-511.67,-511.67
-510.9,243,0.0,-510.9,-510.9
-502.94,244,0.0,-502.94,-502.94
-510.87,245,0.0,-510.87,-510.87
-506.02,246,0.0,-506.02,-506.02
-511.18,247,0.0,-511.18,-511.18
-510.37,248,0.0,-510.37,-510.37
-510.24,249,0.0,-510.24,-510.24
-503.43,250,0.0,-503.43,-503.43
-510.15,251,0.0,-510.15,-510.15
-510.07,252,0.0,-510.07,-510.07
-511.8,253,0.0,-511.8,-511.8
-502.54,254,0.0,-502.54,-502.54
-504.24,255,0.0,-504.24,-504.24
-512.55,256,0.0,-512.55,-512.55
-504.98,257,0.0,-504.98,-504.98
-510.26,258,0.0,-510.26,-510.26
-504.07,259,0.0,-504.07,-504.07
-510.86,260,0.0,-510.86,-510.86
-512.01,261,0.0,-512.01,-512.01
-508.8,262,0.0,-508.8,-508.8
-507.74,263,0.0,-507.74,-507.74
-504.3,264,0.0,-504.3,-504.3
-497.94,265,0.0,-497.94,-497.94
-511.01,266,0.0,-511.01,-511.01
-508.89,267,0.0,-508.89,-508.89
-504.39,268,0.0,-504.39,-504.39
-509.37,269,0.0,-509.37,-509.37
-510.43,270,0.0,-510.43,-510.43
-508.93,271,0.0,-508.93,-508.93
-505.36,272,0.0,-505.36,-505.36
-504.21,273,0.0,-504.21,-504.21
-511.51,274,0.0,-511.51,-511.51
-507.46,275,0.0,-507.46,-507.46
-504.51,276,0.0,-504.51,-504.51
-509.8,277,0.0,-509.8,-509.8
-510.71,278,0.0,-510.71,-510.71
-507.76,279,0.0,-507.76,-507.76
-508.93,280,0.0,-508.93,-508.93
-509.03,281,0.0,-509.03,-509.03
-509.46,282,0.0,-509.46,-509.46
-506.65,283,0.0,-506.65,-506.65
-503.11,284,0.0,-503.11,-503.11
-509.7,285,0.0,-509.7,-509.7
-509.96,286,0.0,-509.96,-509.96
-502.09,287,0.0,-502.09,-502.09
-509.7,288,0.0,-509.7,-509.7
-511.02,289,0.0,-511.02,-511.02
-502.26,290,0.0,-502.26,-502.26
-508.31,291,0.0,-508.31,-508.31
-511.16,292,0.0,-511.16,-511.16
-505.19,293,0.0,-505.19,-505.19
-509.65,294,0.0,-509.65,-509.65
-507.72,295,0.0,-507.72,-507.72
-509.83,296,0.0,-509.83,-509.83
-511.09,297,0.0,-511.09,-511.09
-507.34,298,0.0,-507.34,-507.34
-509.89,299,0.0,-509.89,-509.89
-504.75,300,0.0,-504.75,-504.75
-511.63,301,0.0,-511.63,-511.63
-501.1,302,0.0,-501.1,-501.1
-509.94,303,0.0,-509.94,-509.94
-510.11,304,0.0,-510.11,-510.11
-505.26,305,0.0,-505.26,-505.26
-510.08,306,0.0,-510.08,-510.08
-510.57,307,0.0,-510.57,-510.57
-509.25,308,0.0,-509.25,-509.25
-512.54,309,0.0,-512.54,-512.54
-509.91,310,0.0,-509.91,-509.91
-510.16,311,0.0,-510.16,-510.16
-509.32,312,0.0,-509.32,-509.32
-510.53,313,0.0,-510.53,-510.53
-508.21,314,0.0,-508.21,-508.21
-511.07,315,0.0,-511.07,-511.07
-509.24,316,0.0,-509.24,-509.24
-511.67,317,0.0,-511.67,-511.67
-508.51,318,0.0,-508.51,-508.51
-511.3,319,0.0,-511.3,-511.3
-510.98,320,0.0,-510.98,-510.98
-511.54,321,0.0,-511.54,-511.54
-510.69,322,0.0,-510.69,-510.69
-509.39,323,0.0,-509.39,-509.39
-510.24,324,0.0,-510.24,-510.24
-509.43,325,0.0,-509.43,-509.43
-509.94,326,0.0,-509.94,-509.94
-511.24,327,0.0,-511.24,-511.24
-510.23,328,0.0,-510.23,-510.23
-512.74,329,0.0,-512.74,-512.74
-507.4,330,0.0,-507.4,-507.4
-510.5,331,0.0,-510.5,-510.5
-509.78,332,0.0,-509.78,-509.78
-498.73,333,0.0,-498.73,-498.73
-508.01,334,0.0,-508.01,-508.01
-509.48,335,0.0,-509.48,-509.48
-509.89,336,0.0,-509.89,-509.89
-501.21,337,0.0,-501.21,-501.21
-507.42,338,0.0,-507.42,-507.42
-504.67,339,0.0,-504.67,-504.67
-504.69,340,0.0,-504.69,-504.69
-510.72,341,0.0,-510.72,-510.72
-511.09,342,0.0,-511.09,-511.09
-507.64,343,0.0,-507.64,-507.64
-509.6,344,0.0,-509.6,-509.6
-510.73,345,0.0,-510.73,-510.73
-513.19,346,0.0,-513.19,-513.19
-507.73,347,0.0,-507.73,-507.73
-512.26,348,0.0,-512.26,-512.26
-511.13,349,0.0,-511.13,-511.13
-512.42,350,0.0,-512.42,-512.42
-507.92,351,0.0,-507.92,-507.92
-510.57,352,0.0,-510.57,-510.57
-509.66,353,0.0,-509.66,-509.66
-511.1,354,0.0,-511.1,-511.1
-509.94,355,0.0,-509.94,-509.94
-497.83,356,0.0,-497.83,-497.83
-512.2,357,0.0,-512.2,-512.2
-512.74,358,0.0,-512.74,-512.74
-509.8,359,0.0,-509.8,-509.8
-510.74,360,0.0,-510.74,-510.74
-507.99,361,0.0,-507.99,-507.99
-500.9,362,0.0,-500.9,-500.9
-498.97,363,0.0,-498.97,-498.97
-512.31,364,0.0,-512.31,-512.31
-505.51,365,0.0,-505.51,-505.51
-499.72,366,0.0,-499.72,-499.72
-504.48,367,0.0,-504.48,-504.48
-497.52,368,0.0,-497.52,-497.52
-513.95,369,0.0,-513.95,-513.95
-514.04,370,0.0,-514.04,-514.04
-492.84,371,0.0,-492.84,-492.84
-490.49,372,0.0,-490.49,-490.49
-499.33,373,0.0,-499.33,-499.33
-513.63,374,0.0,-513.63,-513.63
-501.45,375,0.0,-501.45,-501.45
-506.77,376,0.0,-506.77,-506.77
-503.27,377,0.0,-503.27,-503.27
-503.61,378,0.0,-503.61,-503.61
-499.44,379,0.0,-499.44,-499.44
-510.13,380,0.0,-510.13,-510.13
-505.26,381,0.0,-505.26,-505.26
-515.94,382,0.0,-515.94,-515.94
-500.32,383,0.0,-500.32,-500.32
-495.0,384,0.0,-495.0,-495.0
-485.57,385,0.0,-485.57,-485.57
-492.94,386,0.0,-492.94,-492.94
-498.91,387,0.0,-498.91,-498.91
-512.52,388,0.0,-512.52,-512.52
-512.67,389,0.0,-512.67,-512.67
-513.06,390,0.0,-513.06,-513.06
-502.28,391,0.0,-502.28,-502.28
-511.7,392,0.0,-511.7,-511.7
-507.64,393,0.0,-507.64,-507.64
-513.39,394,0.0,-513.39,-513.39
-510.87,395,0.0,-510.87,-510.87
-511.5,396,0.0,-511.5,-511.5
-506.04,397,0.0,-506.04,-506.04
-511.22,398,0.0,-511.22,-511.22
-512.37,399,0.0,-512.37,-512.37
-500.13,400,0.0,-500.13,-500.13
-506.58,401,0.0,-506.58,-506.58
-500.31,402,0.0,-500.31,-500.31
-501.59,403,0.0,-501.59,-501.59
-506.68,404,0.0,-506.68,-506.68
-499.35,405,0.0,-499.35,-499.35
-513.89,406,0.0,-513.89,-513.89
-515.15,407,0.0,-515.15,-515.15
-504.99,408,0.0,-504.99,-504.99
-499.52,409,0.0,-499.52,-499.52
-513.13,410,0.0,-513.13,-513.13
-505.95,411,0.0,-505.95,-505.95
-512.92,412,0.0,-512.92,-512.92
-505.42,413,0.0,-505.42,-505.42
-513.64,414,0.0,-513.64,-513.64
-499.98,415,0.0,-499.98,-499.98
-505.15,416,0.0,-505.15,-505.15
-513.28,417,0.0,-513.28,-513.28
-499.04,418,0.0,-499.04,-499.04
-502.14,419,0.0,-502.14,-502.14
-510.05,420,0.0,-510.05,-510.05
-509.5,421,0.0,-509.5,-509.5
-514.5,422,0.0,-514.5,-514.5
-503.49,423,0.0,-503.49,-503.49
-509.92,424,0.0,-509.92,-509.92
-500.8,425,0.0,-500.8,-500.8
-489.24,426,0.0,-489.24,-489.24
-501.51,427,0.0,-501.51,-501.51
-498.01,428,0.0,-498.01,-498.01
-506.11,429,0.0,-506.11,-506.11
-496.5,430,0.0,-496.5,-496.5
-514.73,431,0.0,-514.73,-514.73
-513.03,432,0.0,-513.03,-513.03
-508.82,433,0.0,-508.82,-508.82
-499.89,434,0.0,-499.89,-499.89
-515.35,435,0.0,-515.35,-515.35
-499.87,436,0.0,-499.87,-499.87
-511.21,437,0.0,-511.21,-511.21
-500.87,438,0.0,-500.87,-500.87
-511.01,439,0.0,-511.01,-511.01
-508.25,440,0.0,-508.25,-508.25
-509.69,441,0.0,-509.69,-509.69
-506.63,442,0.0,-506.63,-506.63
-513.57,443,0.0,-513.57,-513.57
-509.48,444,0.0,-509.48,-509.48
-510.9,445,0.0,-510.9,-510.9
-500.28,446,0.0,-500.28,-500.28
-511.27,447,0.0,-511.27,-511.27
-504.86,448,0.0,-504.86,-504.86
-499.38,449,0.0,-499.38,-499.38
-503.31,450,0.0,-503.31,-503.31
-513.76,451,0.0,-513.76,-513.76
-512.14,452,0.0,-512.14,-512.14
-506.87,453,0.0,-506.87,-506.87
-508.02,454,0.0,-508.02,-508.02
-509.72,455,0.0,-509.72,-509.72
-513.04,456,0.0,-513.04,-513.04
-515.13,457,0.0,-515.13,-515.13
-502.03,458,0.0,-502.03,-502.03
-509.17,459,0.0,-509.17,-509.17
-509.09,460,0.0,-509.09,-509.09
-512.08,461,0.0,-512.08,-512.08
-506.56,462,0.0,-506.56,-506.56
-499.24,463,0.0,-499.24,-499.24
-501.09,464,0.0,-501.09,-501.09
-509.13,465,0.0,-509.13,-509.13
-512.18,466,0.0,-512.18,-512.18
-517.58,467,0.0,-517.58,-517.58
-510.13,468,0.0,-510.13,-510.13
-510.32,469,0.0,-510.32,-510.32
-508.31,470,0.0,-508.31,-508.31
-514.0,471,0.0,-514.0,-514.0
-500.38,472,0.0,-500.38,-500.38
-506.62,473,0.0,-506.62,-506.62
-509.85,474,0.0,-509.85,-509.85
-506.03,475,0.0,-506.03,-506.03
-506.05,476,0.0,-506.05,-506.05
-501.41,477,0.0,-501.41,-501.41
-502.27,478,0.0,-502.27,-502.27
-510.64,479,0.0,-510.64,-510.64
-515.58,480,0.0,-515.58,-515.58
-509.85,481,0.0,-509.85,-509.85
-505.96,482,0.0,-505.96,-505.96
-514.3,483,0.0,-514.3,-514.3
-507.85,484,0.0,-507.85,-507.85
-508.98,485,0.0,-508.98,-508.98
-502.19,486,0.0,-502.19,-502.19
-504.42,487,0.0,-504.42,-504.42
-506.81,488,0.0,-506.81,-506.81
-500.91,489,0.0,-500.91,-500.91
-489.69,490,0.0,-489.69,-489.69
-503.24,491,0.0,-503.24,-503.24
-485.29,492,0.0,-485.29,-485.29
-507.31,493,0.0,-507.31,-507.31
-497.63,494,0.0,-497.63,-497.63
-507.91,495,0.0,-507.91,-507.91
-507.63,496,0.0,-507.63,-507.63
-500.2,497,0.0,-500.2,-500.2
-514.04,498,0.0,-514.04,-514.04
-508.31,499,0.0,-508.31,-508.31
-506.89,500,0.0,-506.89,-506.89
-512.03,501,0.0,-512.03,-512.03
-508.38,502,0.0,-508.38,-508.38
-509.04,503,0.0,-509.04,-509.04
-514.75,504,0.0,-514.75,-514.75
-500.88,505,0.0,-500.88,-500.88
-511.19,506,0.0,-511.19,-511.19
-514.71,507,0.0,-514.71,-514.71
-508.72,508,0.0,-508.72,-508.72
-507.8,509,0.0,-507.8,-507.8
-501.95,510,0.0,-501.95,-501.95
-483.59,511,0.0,-483.59,-483.59
-516.73,512,0.0,-516.73,-516.73
-511.12,513,0.0,-511.12,-511.12
-506.67,514,0.0,-506.67,-506.67
-512.33,515,0.0,-512.33,-512.33
-508.81,516,0.0,-508.81,-508.81
-513.9,517,0.0,-513.9,-513.9
-494.79,518,0.0,-494.79,-494.79
-507.42,519,0.0,-507.42,-507.42
-500.54,520,0.0,-500.54,-500.54
-506.41,521,0.0,-506.41,-506.41
-501.47,522,0.0,-501.47,-501.47
-501.03,523,0.0,-501.03,-501.03
-508.68,524,0.0,-508.68,-508.68
-497.08,525,0.0,-497.08,-497.08
-512.44,526,0.0,-512.44,-512.44
-507.21,527,0.0,-507.21,-507.21
-515.07,528,0.0,-515.07,-515.07
-514.46,529,0.0,-514.46,-514.46
-513.31,530,0.0,-513.31,-513.31
-502.71,531,0.0,-502.71,-502.71
-507.53,532,0.0,-507.53,-507.53
-502.82,533,0.0,-502.82,-502.82
-512.62,534,0.0,-512.62,-512.62
-514.19,535,0.0,-514.19,-514.19
-509.82,536,0.0,-509.82,-509.82
-496.2,537,0.0,-496.2,-496.2
-513.76,538,0.0,-513.76,-513.76
-515.65,539,0.0,-515.65,-515.65
-496.08,540,0.0,-496.08,-496.08
-503.95,541,0.0,-503.95,-503.95
-506.8,542,0.0,-506.8,-506.8
-516.4,543,0.0,-516.4,-516.4
-502.63,544,0.0,-502.63,-502.63
-502.83,545,0.0,-502.83,-502.83
-503.53,546,0.0,-503.53,-503.53
-497.52,547,0.0,-497.52,-497.52
-505.25,548,0.0,-505.25,-505.25
-508.93,549,0.0,-508.93,-508.93
-508.97,550,0.0,-508.97,-508.97
-502.55,551,0.0,-502.55,-502.55
-512.69,552,0.0,-512.69,-512.69
-502.22,553,0.0,-502.22,-502.22
-514.73,554,0.0,-514.73,-514.73
-504.47,555,0.0,-504.47,-504.47
-506.59,556,0.0,-506.59,-506.59
-514.29,557,0.0,-514.29,-514.29
-499.72,558,0.0,-499.72,-499.72
-492.83,559,0.0,-492.83,-492.83
-518.21,560,0.0,-518.21,-518.21
-513.95,561,0.0,-513.95,-513.95
-512.96,562,0.0,-512.96,-512.96
-511.5,563,0.0,-511.5,-511.5
-514.07,564,0.0,-514.07,-514.07
-515.06,565,0.0,-515.06,-515.06
-503.19,566,0.0,-503.19,-503.19
-493.14,567,0.0,-493.14,-493.14
-500.3,568,0.0,-500.3,-500.3
-514.34,569,0.0,-514.34,-514.34
-513.0,570,0.0,-513.0,-513.0
-492.2,571,0.0,-492.2,-492.2
-497.36,572,0.0,-497.36,-497.36
-500.2,573,0.0,-500.2,-500.2
-507.1,574,0.0,-507.1,-507.1
-501.29,575,0.0,-501.29,-501.29
-513.75,576,0.0,-513.75,-513.75
-506.59,577,0.0,-506.59,-506.59
-518.92,578,0.0,-518.92,-518.92
-504.67,579,0.0,-504.67,-504.67
-510.34,580,0.0,-510.34,-510.34
-510.88,581,0.0,-510.88,-510.88
-496.06,582,0.0,-496.06,-496.06
-494.65,583,0.0,-494.65,-494.65
-508.54,584,0.0,-508.54,-508.54
-506.75,585,0.0,-506.75,-506.75
-501.79,586,0.0,-501.79,-501.79
-513.3,587,0.0,-513.3,-513.3
-512.35,588,0.0,-512.35,-512.35
-515.91,589,0.0,-515.91,-515.91
-513.65,590,0.0,-513.65,-513.65
-517.33,591,0.0,-517.33,-517.33
-502.76,592,0.0,-502.76,-502.76
-510.74,593,0.0,-510.74,-510.74
-503.39,594,0.0,-503.39,-503.39
-515.94,595,0.0,-515.94,-515.94
-515.23,596,0.0,-515.23,-515.23
-508.43,597,0.0,-508.43,-508.43
-511.54,598,0.0,-511.54,-511.54
-502.25,599,0.0,-502.25,-502.25
-517.17,600,0.0,-517.17,-517.17
-495.85,601,0.0,-495.85,-495.85
-517.71,602,0.0,-517.71,-517.71
-512.57,603,0.0,-512.57,-512.57
-509.24,604,0.0,-509.24,-509.24
-515.3,605,0.0,-515.3,-515.3
-508.65,606,0.0,-508.65,-508.65
-506.3,607,0.0,-506.3,-506.3
-507.51,608,0.0,-507.51,-507.51
-514.93,609,0.0,-514.93,-514.93
-495.62,610,0.0,-495.62,-495.62
-500.12,611,0.0,-500.12,-500.12
-513.82,612,0.0,-513.82,-513.82
-507.32,613,0.0,-507.32,-507.32
-507.67,614,0.0,-507.67,-507.67
-505.85,615,0.0,-505.85,-505.85
-508.22,616,0.0,-508.22,-508.22
-515.36,617,0.0,-515.36,-515.36
-509.86,618,0.0,-509.86,-509.86
-505.42,619,0.0,-505.42,-505.42
-502.36,620,0.0,-502.36,-502.36
-509.44,621,0.0,-509.44,-509.44
-505.0,622,0.0,-505.0,-505.0
-508.61,623,0.0,-508.61,-508.61
-501.74,624,0.0,-501.74,-501.74
-496.91,625,0.0,-496.91,-496.91
-509.54,626,0.0,-509.54,-509.54
-509.2,627,0.0,-509.2,-509.2
-508.41,628,0.0,-508.41,-508.41
-510.66,629,0.0,-510.66,-510.66
-502.75,630,0.0,-502.75,-502.75
-508.98,631,0.0,-508.98,-508.98
-513.54,632,0.0,-513.54,-513.54
-507.33,633,0.0,-507.33,-507.33
-503.58,634,0.0,-503.58,-503.58
-514.79,635,0.0,-514.79,-514.79
-515.64,636,0.0,-515.64,-515.64
-517.13,637,0.0,-517.13,-517.13
-508.2,638,0.0,-508.2,-508.2
-515.13,639,0.0,-515.13,-515.13
-511.62,640,0.0,-511.62,-511.62
-514.12,641,0.0,-514.12,-514.12
-508.25,642,0.0,-508.25,-508.25
-496.87,643,0.0,-496.87,-496.87
-514.75,644,0.0,-514.75,-514.75
-503.36,645,0.0,-503.36,-503.36
-507.76,646,0.0,-507.76,-507.76
-512.59,647,0.0,-512.59,-512.59
-512.82,648,0.0,-512.82,-512.82
-509.44,649,0.0,-509.44,-509.44
-516.21,650,0.0,-516.21,-516.21
-503.98,651,0.0,-503.98,-503.98
-516.09,652,0.0,-516.09,-516.09
-516.78,653,0.0,-516.78,-516.78
-511.51,654,0.0,-511.51,-511.51
-514.78,655,0.0,-514.78,-514.78
-517.35,656,0.0,-517.35,-517.35
-507.93,657,0.0,-507.93,-507.93
-512.17,658,0.0,-512.17,-512.17
-508.23,659,0.0,-508.23,-508.23
-507.5,660,0.0,-507.5,-507.5
-510.46,661,0.0,-510.46,-510.46
-512.54,662,0.0,-512.54,-512.54
-514.51,663,0.0,-514.51,-514.51
-516.14,664,0.0,-516.14,-516.14
-507.56,665,0.0,-507.56,-507.56
-511.24,666,0.0,-511.24,-511.24
-515.54,667,0.0,-515.54,-515.54
-507.76,668,0.0,-507.76,-507.76
-512.1,669,0.0,-512.1,-512.1
-511.57,670,0.0,-511.57,-511.57
-514.51,671,0.0,-514.51,-514.51
-496.03,672,0.0,-496.03,-496.03
-513.66,673,0.0,-513.66,-513.66
-496.49,674,0.0,-496.49,-496.49
-504.94,675,0.0,-504.94,-504.94
-510.41,676,0.0,-510.41,-510.41
-511.32,677,0.0,-511.32,-511.32
-515.15,678,0.0,-515.15,-515.15
-508.37,679,0.0,-508.37,-508.37
-509.01,680,0.0,-509.01,-509.01
-514.65,681,0.0,-514.65,-514.65
-515.9,682,0.0,-515.9,-515.9
-515.27,683,0.0,-515.27,-515.27
-505.44,684,0.0,-505.44,-505.44
-493.42,685,0.0,-493.42,-493.42
-506.21,686,0.0,-506.21,-506.21
-502.61,687,0.0,-502.61,-502.61
-512.56,688,0.0,-512.56,-512.56
-502.07,689,0.0,-502.07,-502.07
-515.87,690,0.0,-515.87,-515.87
-515.08,691,0.0,-515.08,-515.08
-514.07,692,0.0,-514.07,-514.07
-512.27,693,0.0,-512.27,-512.27
-499.5,694,0.0,-499.5,-499.5
-506.04,695,0.0,-506.04,-506.04
-508.37,696,0.0,-508.37,-508.37
-513.89,697,0.0,-513.89,-513.89
-511.31,698,0.0,-511.31,-511.31
-513.07,699,0.0,-513.07,-513.07
-516.84,700,0.0,-516.84,-516.84
-506.98,701,0.0,-506.98,-506.98
-512.81,702,0.0,-512.81,-512.81
-515.32,703,0.0,-515.32,-515.32
-496.42,704,0.0,-496.42,-496.42
-507.52,705,0.0,-507.52,-507.52
-514.3,706,0.0,-514.3,-514.3
-516.3,707,0.0,-516.3,-516.3
-502.73,708,0.0,-502.73,-502.73
-508.54,709,0.0,-508.54,-508.54
-515.93,710,0.0,-515.93,-515.93
-503.91,711,0.0,-503.91,-503.91
-496.88,712,0.0,-496.88,-496.88
-504.11,713,0.0,-504.11,-504.11
-509.91,714,0.0,-509.91,-509.91
-511.54,715,0.0,-511.54,-511.54
-506.37,716,0.0,-506.37,-506.37
-510.57,717,0.0,-510.57,-510.57
-494.98,718,0.0,-494.98,-494.98
-513.35,719,0.0,-513.35,-513.35
-515.56,720,0.0,-515.56,-515.56
-515.18,721,0.0,-515.18,-515.18
-513.04,722,0.0,-513.04,-513.04
-492.81,723,0.0,-492.81,-492.81
-507.74,724,0.0,-507.74,-507.74
-500.57,725,0.0,-500.57,-500.57
-510.66,726,0.0,-510.66,-510.66
-502.86,727,0.0,-502.86,-502.86
-507.72,728,0.0,-507.72,-507.72
-502.09,729,0.0,-502.09,-502.09
-494.59,730,0.0,-494.59,-494.59
-507.25,731,0.0,-507.25,-507.25
-503.63,732,0.0,-503.63,-503.63
-507.37,733,0.0,-507.37,-507.37
-515.74,734,0.0,-515.74,-515.74
-507.56,735,0.0,-507.56,-507.56
-503.24,736,0.0,-503.24,-503.24
-495.21,737,0.0,-495.21,-495.21
-513.17,738,0.0,-513.17,-513.17
-508.02,739,0.0,-508.02,-508.02
-501.38,740,0.0,-501.38,-501.38
-512.83,741,0.0,-512.83,-512.83
-511.93,742,0.0,-511.93,-511.93
-502.0,743,0.0,-502.0,-502.0
-507.81,744,0.0,-507.81,-507.81
-510.24,745,0.0,-510.24,-510.24
-508.22,746,0.0,-508.22,-508.22
-507.26,747,0.0,-507.26,-507.26
-506.93,748,0.0,-506.93,-506.93
-510.99,749,0.0,-510.99,-510.99
-511.9,750,0.0,-511.9,-511.9
-507.56,751,0.0,-507.56,-507.56
-507.02,752,0.0,-507.02,-507.02
-514.13,753,0.0,-514.13,-514.13
-513.21,754,0.0,-513.21,-513.21
-502.08,755,0.0,-502.08,-502.08
-502.19,756,0.0,-502.19,-502.19
-514.42,757,0.0,-514.42,-514.42
-510.33,758,0.0,-510.33,-510.33
-500.37,759,0.0,-500.37,-500.37
-509.56,760,0.0,-509.56,-509.56
-512.55,761,0.0,-512.55,-512.55
-512.8,762,0.0,-512.8,-512.8
-508.53,763,0.0,-508.53,-508.53
-513.07,764,0.0,-513.07,-513.07
-513.7,765,0.0,-513.7,-513.7
-513.33,766,0.0,-513.33,-513.33
-485.27,767,0.0,-485.27,-485.27
-508.72,768,0.0,-508.72,-508.72
-509.57,769,0.0,-509.57,-509.57
-504.43,770,0.0,-504.43,-504.43
-514.26,771,0.0,-514.26,-514.26
-494.98,772,0.0,-494.98,-494.98
-506.73,773,0.0,-506.73,-506.73
-510.19,774,0.0,-510.19,-510.19
-513.34,775,0.0,-513.34,-513.34
-515.88,776,0.0,-515.88,-515.88
-510.47,777,0.0,-510.47,-510.47
-514.0,778,0.0,-514.0,-514.0
-502.87,779,0.0,-502.87,-502.87
-501.66,780,0.0,-501.66,-501.66
-504.34,781,0.0,-504.34,-504.34
-507.45,782,0.0,-507.45,-507.45
-493.47,783,0.0,-493.47,-493.47
-506.32,784,0.0,-506.32,-506.32
-492.37,785,0.0,-492.37,-492.37
-512.39,786,0.0,-512.39,-512.39
-503.18,787,0.0,-503.18,-503.18
-511.1,788,0.0,-511.1,-511.1
-498.13,789,0.0,-498.13,-498.13
-507.24,790,0.0,-507.24,-507.24
-506.03,791,0.0,-506.03,-506.03
-498.33,792,0.0,-498.33,-498.33
-485.95,793,0.0,-485.95,-485.95
-496.99,794,0.0,-496.99,-496.99
-514.48,795,0.0,-514.48,-514.48
-513.09,796,0.0,-513.09,-513.09
-511.4,797,0.0,-511.4,-511.4
-507.8,798,0.0,-507.8,-507.8
-507.39,799,0.0,-507.39,-507.39
-507.17,800,0.0,-507.17,-507.17
-506.48,801,0.0,-506.48,-506.48
-513.18,802,0.0,-513.18,-513.18
-511.13,803,0.0,-511.13,-511.13
-501.73,804,0.0,-501.73,-501.73
-510.17,805,0.0,-510.17,-510.17
-509.33,806,0.0,-509.33,-509.33
-506.1,807,0.0,-506.1,-506.1
-511.33,808,0.0,-511.33,-511.33
-505.28,809,0.0,-505.28,-505.28
-506.18,810,0.0,-506.18,-506.18
-506.82,811,0.0,-506.82,-506.82
-494.88,812,0.0,-494.88,-494.88
-511.86,813,0.0,-511.86,-511.86
-504.63,814,0.0,-504.63,-504.63
-515.48,815,0.0,-515.48,-515.48
-513.85,816,0.0,-513.85,-513.85
-511.77,817,0.0,-511.77,-511.77
-509.8,818,0.0,-509.8,-509.8
-510.12,819,0.0,-510.12,-510.12
-514.57,820,0.0,-514.57,-514.57
-504.88,821,0.0,-504.88,-504.88
-511.0,822,0.0,-511.0,-511.0
-500.68,823,0.0,-500.68,-500.68
-512.58,824,0.0,-512.58,-512.58
-500.27,825,0.0,-500.27,-500.27
-512.06,826,0.0,-512.06,-512.06
-495.11,827,0.0,-495.11,-495.11
-501.93,828,0.0,-501.93,-501.93
-503.53,829,0.0,-503.53,-503.53
-508.46,830,0.0,-508.46,-508.46
-507.16,831,0.0,-507.16,-507.16
-508.59,832,0.0,-508.59,-508.59
-510.88,833,0.0,-510.88,-510.88
-512.26,834,0.0,-512.26,-512.26
-511.01,835,0.0,-511.01,-511.01
-508.08,836,0.0,-508.08,-508.08
-504.09,837,0.0,-504.09,-504.09
-505.7,838,0.0,-505.7,-505.7
-500.39,839,0.0,-500.39,-500.39
-501.21,840,0.0,-501.21,-501.21
-503.82,841,0.0,-503.82,-503.82
-497.53,842,0.0,-497.53,-497.53
-494.12,843,0.0,-494.12,-494.12
-508.57,844,0.0,-508.57,-508.57
-506.59,845,0.0,-506.59,-506.59
-497.17,846,0.0,-497.17,-497.17
-505.88,847,0.0,-505.88,-505.88
-501.49,848,0.0,-501.49,-501.49
-513.61,849,0.0,-513.61,-513.61
-507.46,850,0.0,-507.46,-507.46
-499.86,851,0.0,-499.86,-499.86
-508.15,852,0.0,-508.15,-508.15
-502.81,853,0.0,-502.81,-502.81
-497.57,854,0.0,-497.57,-497.57
-493.27,855,0.0,-493.27,-493.27
-511.22,856,0.0,-511.22,-511.22
-506.67,857,0.0,-506.67,-506.67
-506.94,858,0.0,-506.94,-506.94
-510.1,859,0.0,-510.1,-510.1
-509.41,860,0.0,-509.41,-509.41
-491.67,861,0.0,-491.67,-491.67
-505.46,862,0.0,-505.46,-505.46
-510.28,863,0.0,-510.28,-510.28
-501.91,864,0.0,-501.91,-501.91
-505.07,865,0.0,-505.07,-505.07
-511.35,866,0.0,-511.35,-511.35
-509.77,867,0.0,-509.77,-509.77
-503.86,868,0.0,-503.86,-503.86
-516.45,869,0.0,-516.45,-516.45
-506.28,870,0.0,-506.28,-506.28
-505.83,871,0.0,-505.83,-505.83
-502.28,872,0.0,-502.28,-502.28
-491.65,873,0.0,-491.65,-491.65
-510.94,874,0.0,-510.94,-510.94
-514.02,875,0.0,-514.02,-514.02
-507.62,876,0.0,-507.62,-507.62
-507.49,877,0.0,-507.49,-507.49
-505.16,878,0.0,-505.16,-505.16
-499.89,879,0.0,-499.89,-499.89
-515.15,880,0.0,-515.15,-515.15
-514.22,881,0.0,-514.22,-514.22
-507.15,882,0.0,-507.15,-507.15
-509.29,883,0.0,-509.29,-509.29
-496.69,884,0.0,-496.69,-496.69
-503.63,885,0.0,-503.63,-503.63
-507.01,886,0.0,-507.01,-507.01
-499.96,887,0.0,-499.96,-499.96
-516.32,888,0.0,-516.32,-516.32
-502.72,889,0.0,-502.72,-502.72
-512.0,890,0.0,-512.0,-512.0
-508.14,891,0.0,-508.14,-508.14
-507.44,892,0.0,-507.44,-507.44
-514.21,893,0.0,-514.21,-514.21
-496.65,894,0.0,-496.65,-496.65
-505.92,895,0.0,-505.92,-505.92
-514.86,896,0.0,-514.86,-514.86
-510.25,897,0.0,-510.25,-510.25
-497.51,898,0.0,-497.51,-497.51
-509.76,899,0.0,-509.76,-509.76
-509.29,900,0.0,-509.29,-509.29
-513.88,901,0.0,-513.88,-513.88
-509.05,902,0.0,-509.05,-509.05
-502.2,903,0.0,-502.2,-502.2
-511.5,904,0.0,-511.5,-511.5
-507.97,905,0.0,-507.97,-507.97
-502.98,906,0.0,-502.98,-502.98
-509.85,907,0.0,-509.85,-509.85
-495.12,908,0.0,-495.12,-495.12
-485.32,909,0.0,-485.32,-485.32
-512.04,910,0.0,-512.04,-512.04
-513.36,911,0.0,-513.36,-513.36
-499.2,912,0.0,-499.2,-499.2
-513.33,913,0.0,-513.33,-513.33
-503.83,914,0.0,-503.83,-503.83
-507.24,915,0.0,-507.24,-507.24
-514.71,916,0.0,-514.71,-514.71
-511.98,917,0.0,-511.98,-511.98
-505.34,918,0.0,-505.34,-505.34
-501.49,919,0.0,-501.49,-501.49
-510.14,920,0.0,-510.14,-510.14
-491.55,921,0.0,-491.55,-491.55
-505.25,922,0.0,-505.25,-505.25
-489.65,923,0.0,-489.65,-489.65
-500.34,924,0.0,-500.34,-500.34
-497.57,925,0.0,-497.57,-497.57
-507.51,926,0.0,-507.51,-507.51
-514.64,927,0.0,-514.64,-514.64
-510.9,928,0.0,-510.9,-510.9
-504.35,929,0.0,-504.35,-504.35
-506.6,930,0.0,-506.6,-506.6
-508.87,931,0.0,-508.87,-508.87
-507.22,932,0.0,-507.22,-507.22
-503.46,933,0.0,-503.46,-503.46
-504.33,934,0.0,-504.33,-504.33
-488.5,935,0.0,-488.5,-488.5
-502.82,936,0.0,-502.82,-502.82
-511.31,937,0.0,-511.31,-511.31
-506.94,938,0.0,-506.94,-506.94
-497.98,939,0.0,-497.98,-497.98
-508.39,940,0.0,-508.39,-508.39
-506.87,941,0.0,-506.87,-506.87
-506.11,942,0.0,-506.11,-506.11
-503.75,943,0.0,-503.75,-503.75
-513.15,944,0.0,-513.15,-513.15
-507.0,945,0.0,-507.0,-507.0
-498.31,946,0.0,-498.31,-498.31
-497.56,947,0.0,-497.56,-497.56
-490.76,948,0.0,-490.76,-490.76
-515.77,949,0.0,-515.77,-515.77
-501.02,950,0.0,-501.02,-501.02
-503.36,951,0.0,-503.36,-503.36
-505.64,952,0.0,-505.64,-505.64
-514.85,953,0.0,-514.85,-514.85
-511.71,954,0.0,-511.71,-511.71
-496.66,955,0.0,-496.66,-496.66
-514.08,956,0.0,-514.08,-514.08
-507.07,957,0.0,-507.07,-507.07
-509.93,958,0.0,-509.93,-509.93
-506.75,959,0.0,-506.75,-506.75
-509.17,960,0.0,-509.17,-509.17
-501.94,961,0.0,-501.94,-501.94
-482.16,962,0.0,-482.16,-482.16
-513.38,963,0.0,-513.38,-513.38
-514.07,964,0.0,-514.07,-514.07
-512.23,965,0.0,-512.23,-512.23
-502.73,966,0.0,-502.73,-502.73
-508.43,967,0.0,-508.43,-508.43
-514.87,968,0.0,-514.87,-514.87
-504.92,969,0.0,-504.92,-504.92
-504.32,970,0.0,-504.32,-504.32
-498.34,971,0.0,-498.34,-498.34
-506.93,972,0.0,-506.93,-506.93
-498.68,973,0.0,-498.68,-498.68
-498.92,974,0.0,-498.92,-498.92
-509.6,975,0.0,-509.6,-509.6
-515.07,976,0.0,-515.07,-515.07
-511.99,977,0.0,-511.99,-511.99
-492.53,978,0.0,-492.53,-492.53
-503.11,979,0.0,-503.11,-503.11
-515.04,980,0.0,-515.04,-515.04
-509.03,981,0.0,-509.03,-509.03
-503.98,982,0.0,-503.98,-503.98
-502.03,983,0.0,-502.03,-502.03
-513.85,984,0.0,-513.85,-513.85
-514.04,985,0.0,-514.04,-514.04
-505.66,986,0.0,-505.66,-505.66
-508.76,987,0.0,-508.76,-508.76
-501.36,988,0.0,-501.36,-501.36
-502.76,989,0.0,-502.76,-502.76
-501.35,990,0.0,-501.35,-501.35
-510.33,991,0.0,-510.33,-510.33
-505.63,992,0.0,-505.63,-505.63
-501.06,993,0.0,-501.06,-501.06
-504.13,994,0.0,-504.13,-504.13
-505.74,995,0.0,-505.74,-505.74
-499.89,996,0.0,-499.89,-499.89
-515.41,997,0.0,-515.41,-515.41
-510.62,998,0.0,-510.62,-510.62
-515.01,999,0.0,-515.01,-515.01
-500.07,1000,0.0,-500.07,-500.07
-496.05,1001,0.0,-496.05,-496.05
-498.56,1002,0.0,-498.56,-498.56
-507.25,1003,0.0,-507.25,-507.25
-513.17,1004,0.0,-513.17,-513.17
-507.03,1005,0.0,-507.03,-507.03
-512.57,1006,0.0,-512.57,-512.57
-514.67,1007,0.0,-514.67,-514.67
-507.34,1008,0.0,-507.34,-507.34
-513.97,1009,0.0,-513.97,-513.97
-502.38,1010,0.0,-502.38,-502.38
-512.69,1011,0.0,-512.69,-512.69
-500.18,1012,0.0,-500.18,-500.18
-507.38,1013,0.0,-507.38,-507.38
-511.87,1014,0.0,-511.87,-511.87
-508.53,1015,0.0,-508.53,-508.53
-507.05,1016,0.0,-507.05,-507.05
-500.31,1017,0.0,-500.31,-500.31
-504.79,1018,0.0,-504.79,-504.79
-509.39,1019,0.0,-509.39,-509.39
-513.86,1020,0.0,-513.86,-513.86
-496.97,1021,0.0,-496.97,-496.97
-513.9,1022,0.0,-513.9,-513.9
-503.21,1023,0.0,-503.21,-503.21
-506.29,1024,0.0,-506.29,-506.29
-509.85,1025,0.0,-509.85,-509.85
-498.1,1026,0.0,-498.1,-498.1
-498.24,1027,0.0,-498.24,-498.24
-506.57,1028,0.0,-506.57,-506.57
-495.11,1029,0.0,-495.11,-495.11
-500.42,1030,0.0,-500.42,-500.42
-493.59,1031,0.0,-493.59,-493.59
-501.3,1032,0.0,-501.3,-501.3
-502.41,1033,0.0,-502.41,-502.41
-510.14,1034,0.0,-510.14,-510.14
-505.47,1035,0.0,-505.47,-505.47
-508.53,1036,0.0,-508.53,-508.53
-507.04,1037,0.0,-507.04,-507.04
-507.63,1038,0.0,-507.63,-507.63
-508.36,1039,0.0,-508.36,-508.36
-506.97,1040,0.0,-506.97,-506.97
-493.07,1041,0.0,-493.07,-493.07
-511.54,1042,0.0,-511.54,-511.54
-510.4,1043,0.0,-510.4,-510.4
-514.5,1044,0.0,-514.5,-514.5
-507.64,1045,0.0,-507.64,-507.64
-504.78,1046,0.0,-504.78,-504.78
-505.24,1047,0.0,-505.24,-505.24
-493.46,1048,0.0,-493.46,-493.46
-499.91,1049,0.0,-499.91,-499.91
-511.3,1050,0.0,-511.3,-511.3
-502.46,1051,0.0,-502.46,-502.46
-508.55,1052,0.0,-508.55,-508.55
-510.98,1053,0.0,-510.98,-510.98
-504.8,1054,0.0,-504.8,-504.8
-508.28,1055,0.0,-508.28,-508.28
-507.26,1056,0.0,-507.26,-507.26
-500.02,1057,0.0,-500.02,-500.02
-498.8,1058,0.0,-498.8,-498.8
-509.41,1059,0.0,-509.41,-509.41
-516.6,1060,0.0,-516.6,-516.6
-495.31,1061,0.0,-495.31,-495.31
-502.08,1062,0.0,-502.08,-502.08
-505.76,1063,0.0,-505.76,-505.76
-507.06,1064,0.0,-507.06,-507.06
-512.05,1065,0.0,-512.05,-512.05
-505.63,1066,0.0,-505.63,-505.63
-508.63,1067,0.0,-508.63,-508.63
-513.78,1068,0.0,-513.78,-513.78
-500.58,1069,0.0,-500.58,-500.58
-498.33,1070,0.0,-498.33,-498.33
-506.03,1071,0.0,-506.03,-506.03
-508.97,1072,0.0,-508.97,-508.97
-509.07,1073,0.0,-509.07,-509.07
-511.28,1074,0.0,-511.28,-511.28
-506.52,1075,0.0,-506.52,-506.52
-506.9,1076,0.0,-506.9,-506.9
-512.05,1077,0.0,-512.05,-512.05
-509.89,1078,0.0,-509.89,-509.89
-497.57,1079,0.0,-497.57,-497.57
-498.8,1080,0.0,-498.8,-498.8
-504.26,1081,0.0,-504.26,-504.26
-502.98,1082,0.0,-502.98,-502.98
-509.83,1083,0.0,-509.83,-509.83
-495.04,1084,0.0,-495.04,-495.04
-514.45,1085,0.0,-514.45,-514.45
-504.15,1086,0.0,-504.15,-504.15
-492.84,1087,0.0,-492.84,-492.84
-506.69,1088,0.0,-506.69,-506.69
-509.46,1089,0.0,-509.46,-509.46
-509.92,1090,0.0,-509.92,-509.92
-511.24,1091,0.0,-511.24,-511.24
-505.69,1092,0.0,-505.69,-505.69
-508.97,1093,0.0,-508.97,-508.97
-508.74,1094,0.0,-508.74,-508.74
-518.31,1095,0.0,-518.31,-518.31
-484.91,1096,0.0,-484.91,-484.91
-510.56,1097,0.0,-510.56,-510.56
-504.74,1098,0.0,-504.74,-504.74
-509.22,1099,0.0,-509.22,-509.22
-510.13,1100,0.0,-510.13,-510.13
-498.98,1101,0.0,-498.98,-498.98
-503.46,1102,0.0,-503.46,-503.46
-515.9,1103,0.0,-515.9,-515.9
-503.27,1104,0.0,-503.27,-503.27
-494.2,1105,0.0,-494.2,-494.2
-509.38,1106,0.0,-509.38,-509.38
-511.16,1107,0.0,-511.16,-511.16
-502.61,1108,0.0,-502.61,-502.61
-504.52,1109,0.0,-504.52,-504.52
-508.2,1110,0.0,-508.2,-508.2
-506.25,1111,0.0,-506.25,-506.25
-514.06,1112,0.0,-514.06,-514.06
-508.0,1113,0.0,-508.0,-508.0
-514.5,1114,0.0,-514.5,-514.5
-506.03,1115,0.0,-506.03,-506.03
-508.27,1116,0.0,-508.27,-508.27
-512.07,1117,0.0,-512.07,-512.07
-503.65,1118,0.0,-503.65,-503.65
-504.48,1119,0.0,-504.48,-504.48
-509.13,1120,0.0,-509.13,-509.13
-512.95,1121,0.0,-512.95,-512.95
-507.38,1122,0.0,-507.38,-507.38
-498.83,1123,0.0,-498.83,-498.83
-503.78,1124,0.0,-503.78,-503.78
-508.1,1125,0.0,-508.1,-508.1
-505.86,1126,0.0,-505.86,-505.86
-512.37,1127,0.0,-512.37,-512.37
-504.41,1128,0.0,-504.41,-504.41
-507.63,1129,0.0,-507.63,-507.63
-512.22,1130,0.0,-512.22,-512.22
-506.32,1131,0.0,-506.32,-506.32
-497.44,1132,0.0,-497.44,-497.44
-498.9,1133,0.0,-498.9,-498.9
-511.26,1134,0.0,-511.26,-511.26
-512.61,1135,0.0,-512.61,-512.61
-504.07,1136,0.0,-504.07,-504.07
-494.29,1137,0.0,-494.29,-494.29
-510.6,1138,0.0,-510.6,-510.6
-501.24,1139,0.0,-501.24,-501.24
-508.45,1140,0.0,-508.45,-508.45
-504.27,1141,0.0,-504.27,-504.27
-511.57,1142,0.0,-511.57,-511.57
-515.86,1143,0.0,-515.86,-515.86
-505.7,1144,0.0,-505.7,-505.7
-508.65,1145,0.0,-508.65,-508.65
-508.94,1146,0.0,-508.94,-508.94
-502.31,1147,0.0,-502.31,-502.31
-510.76,1148,0.0,-510.76,-510.76
-514.14,1149,0.0,-514.14,-514.14
-504.86,1150,0.0,-504.86,-504.86
-506.16,1151,0.0,-506.16,-506.16
-503.18,1152,0.0,-503.18,-503.18
-504.64,1153,0.0,-504.64,-504.64
-503.09,1154,0.0,-503.09,-503.09
-510.14,1155,0.0,-510.14,-510.14
-510.05,1156,0.0,-510.05,-510.05
-513.3,1157,0.0,-513.3,-513.3
-506.26,1158,0.0,-506.26,-506.26
-508.21,1159,0.0,-508.21,-508.21
-511.27,1160,0.0,-511.27,-511.27
-506.29,1161,0.0,-506.29,-506.29
-506.18,1162,0.0,-506.18,-506.18
-495.68,1163,0.0,-495.68,-495.68
-504.75,1164,0.0,-504.75,-504.75
-510.06,1165,0.0,-510.06,-510.06
-510.32,1166,0.0,-510.32,-510.32
-504.24,1167,0.0,-504.24,-504.24
-502.14,1168,0.0,-502.14,-502.14
-507.79,1169,0.0,-507.79,-507.79
-504.51,1170,0.0,-504.51,-504.51
-509.25,1171,0.0,-509.25,-509.25
-500.41,1172,0.0,-500.41,-500.41
-504.79,1173,0.0,-504.79,-504.79
-504.08,1174,0.0,-504.08,-504.08
-506.04,1175,0.0,-506.04,-506.04
-502.24,1176,0.0,-502.24,-502.24
-505.1,1177,0.0,-505.1,-505.1
-510.84,1178,0.0,-510.84,-510.84
-511.01,1179,0.0,-511.01,-511.01
-513.67,1180,0.0,-513.67,-513.67
-512.2,1181,0.0,-512.2,-512.2
-509.93,1182,0.0,-509.93,-509.93
-498.45,1183,0.0,-498.45,-498.45
-508.97,1184,0.0,-508.97,-508.97
-506.26,1185,0.0,-506.26,-506.26
-509.95,1186,0.0,-509.95,-509.95
-503.7,1187,0.0,-503.7,-503.7
-499.8,1188,0.0,-499.8,-499.8
-508.54,1189,0.0,-508.54,-508.54
-505.07,1190,0.0,-505.07,-505.07
-509.09,1191,0.0,-509.09,-509.09
-513.32,1192,0.0,-513.32,-513.32
-509.58,1193,0.0,-509.58,-509.58
-509.79,1194,0.0,-509.79,-509.79
-511.33,1195,0.0,-511.33,-511.33
-503.73,1196,0.0,-503.73,-503.73
-511.62,1197,0.0,-511.62,-511.62
-505.87,1198,0.0,-505.87,-505.87
-510.21,1199,0.0,-510.21,-510.21
-512.04,1200,0.0,-512.04,-512.04
-513.77,1201,0.0,-513.77,-513.77
-505.47,1202,0.0,-505.47,-505.47
-498.36,1203,0.0,-498.36,-498.36
-513.21,1204,0.0,-513.21,-513.21
-507.59,1205,0.0,-507.59,-507.59
-511.94,1206,0.0,-511.94,-511.94
-508.57,1207,0.0,-508.57,-508.57
-506.94,1208,0.0,-506.94,-506.94
-511.72,1209,0.0,-511.72,-511.72
-516.97,1210,0.0,-516.97,-516.97
-510.48,1211,0.0,-510.48,-510.48
-509.99,1212,0.0,-509.99,-509.99
-511.17,1213,0.0,-511.17,-511.17
-505.62,1214,0.0,-505.62,-505.62
-509.94,1215,0.0,-509.94,-509.94
-513.5,1216,0.0,-513.5,-513.5
-508.72,1217,0.0,-508.72,-508.72
-507.08,1218,0.0,-507.08,-507.08
-510.23,1219,0.0,-510.23,-510.23
-509.87,1220,0.0,-509.87,-509.87
-499.4,1221,0.0,-499.4,-499.4
-497.97,1222,0.0,-497.97,-497.97
-498.32,1223,0.0,-498.32,-498.32
-491.29,1224,0.0,-491.29,-491.29
-502.9,1225,0.0,-502.9,-502.9
-510.37,1226,0.0,-510.37,-510.37
-506.05,1227,0.0,-506.05,-506.05
-502.91,1228,0.0,-502.91,-502.91
-506.12,1229,0.0,-506.12,-506.12
-504.16,1230,0.0,-504.16,-504.16
-512.29,1231,0.0,-512.29,-512.29
-496.45,1232,0.0,-496.45,-496.45
-507.71,1233,0.0,-507.71,-507.71
-510.34,1234,0.0,-510.34,-510.34
-506.71,1235,0.0,-506.71,-506.71
-510.74,1236,0.0,-510.74,-510.74
-510.0,1237,0.0,-510.0,-510.0
-510.38,1238,0.0,-510.38,-510.38
-511.05,1239,0.0,-511.05,-511.05
-504.67,1240,0.0,-504.67,-504.67
-504.22,1241,0.0,-504.22,-504.22
-505.51,1242,0.0,-505.51,-505.51
-509.36,1243,0.0,-509.36,-509.36
-497.15,1244,0.0,-497.15,-497.15
-509.09,1245,0.0,-509.09,-509.09
-508.84,1246,0.0,-508.84,-508.84
-484.11,1247,0.0,-484.11,-484.11
-498.09,1248,0.0,-498.09,-498.09
-506.37,1249,0.0,-506.37,-506.37
-511.95,1250,0.0,-511.95,-511.95
-508.46,1251,0.0,-508.46,-508.46
-492.85,1252,0.0,-492.85,-492.85
-512.48,1253,0.0,-512.48,-512.48
-512.32,1254,0.0,-512.32,-512.32
-505.37,1255,0.0,-505.37,-505.37
-498.59,1256,0.0,-498.59,-498.59
-508.22,1257,0.0,-508.22,-508.22
-509.96,1258,0.0,-509.96,-509.96
-511.83,1259,0.0,-511.83,-511.83
-504.12,1260,0.0,-504.12,-504.12
-501.83,1261,0.0,-501.83,-501.83
-493.73,1262,0.0,-493.73,-493.73
-513.3,1263,0.0,-513.3,-513.3
-502.67,1264,0.0,-502.67,-502.67
-511.72,1265,0.0,-511.72,-511.72
-505.33,1266,0.0,-505.33,-505.33
-498.2,1267,0.0,-498.2,-498.2
-505.22,1268,0.0,-505.22,-505.22
-511.51,1269,0.0,-511.51,-511.51
-499.49,1270,0.0,-499.49,-499.49
-504.93,1271,0.0,-504.93,-504.93
-507.32,1272,0.0,-507.32,-507.32
-511.74,1273,0.0,-511.74,-511.74
-497.5,1274,0.0,-497.5,-497.5
-507.5,1275,0.0,-507.5,-507.5
-505.28,1276,0.0,-505.28,-505.28
-512.13,1277,0.0,-512.13,-512.13
-505.49,1278,0.0,-505.49,-505.49
-506.52,1279,0.0,-506.52,-506.52
-513.83,1280,0.0,-513.83,-513.83
-510.78,1281,0.0,-510.78,-510.78
-511.95,1282,0.0,-511.95,-511.95
-503.39,1283,0.0,-503.39,-503.39
-511.07,1284,0.0,-511.07,-511.07
-499.18,1285,0.0,-499.18,-499.18
-511.02,1286,0.0,-511.02,-511.02
-501.35,1287,0.0,-501.35,-501.35
-511.81,1288,0.0,-511.81,-511.81
-511.35,1289,0.0,-511.35,-511.35
-502.69,1290,0.0,-502.69,-502.69
-498.32,1291,0.0,-498.32,-498.32
-509.62,1292,0.0,-509.62,-509.62
-498.98,1293,0.0,-498.98,-498.98
-497.82,1294,0.0,-497.82,-497.82
-509.26,1295,0.0,-509.26,-509.26
-513.53,1296,0.0,-513.53,-513.53
-504.55,1297,0.0,-504.55,-504.55
-504.75,1298,0.0,-504.75,-504.75
-514.56,1299,0.0,-514.56,-514.56
-495.74,1300,0.0,-495.74,-495.74
-509.51,1301,0.0,-509.51,-509.51
-511.3,1302,0.0,-511.3,-511.3
-507.55,1303,0.0,-507.55,-507.55
-511.5,1304,0.0,-511.5,-511.5
-504.31,1305,0.0,-504.31,-504.31
-508.77,1306,0.0,-508.77,-508.77
-514.86,1307,0.0,-514.86,-514.86
-513.16,1308,0.0,-513.16,-513.16
-507.55,1309,0.0,-507.55,-507.55
-498.88,1310,0.0,-498.88,-498.88
-493.45,1311,0.0,-493.45,-493.45
-506.25,1312,0.0,-506.25,-506.25
-493.58,1313,0.0,-493.58,-493.58
-493.91,1314,0.0,-493.91,-493.91
-510.69,1315,0.0,-510.69,-510.69
-514.01,1316,0.0,-514.01,-514.01
-510.02,1317,0.0,-510.02,-510.02
-509.92,1318,0.0,-509.92,-509.92
-504.4,1319,0.0,-504.4,-504.4
-513.3,1320,0.0,-513.3,-513.3
-505.51,1321,0.0,-505.51,-505.51
-512.19,1322,0.0,-512.19,-512.19
-504.56,1323,0.0,-504.56,-504.56
-509.67,1324,0.0,-509.67,-509.67
-484.62,1325,0.0,-484.62,-484.62
-502.52,1326,0.0,-502.52,-502.52
-507.74,1327,0.0,-507.74,-507.74
-496.4,1328,0.0,-496.4,-496.4
-510.29,1329,0.0,-510.29,-510.29
-514.1,1330,0.0,-514.1,-514.1
-512.17,1331,0.0,-512.17,-512.17
-511.15,1332,0.0,-511.15,-511.15
-503.12,1333,0.0,-503.12,-503.12
-515.65,1334,0.0,-515.65,-515.65
-509.55,1335,0.0,-509.55,-509.55
-507.88,1336,0.0,-507.88,-507.88
-510.96,1337,0.0,-510.96,-510.96
-514.55,1338,0.0,-514.55,-514.55
-498.93,1339,0.0,-498.93,-498.93
-503.32,1340,0.0,-503.32,-503.32
-509.46,1341,0.0,-509.46,-509.46
-512.52,1342,0.0,-512.52,-512.52
-509.12,1343,0.0,-509.12,-509.12
-504.92,1344,0.0,-504.92,-504.92
-504.19,1345,0.0,-504.19,-504.19
-502.05,1346,0.0,-502.05,-502.05
-513.14,1347,0.0,-513.14,-513.14
-510.81,1348,0.0,-510.81,-510.81
-505.12,1349,0.0,-505.12,-505.12
-508.06,1350,0.0,-508.06,-508.06
-507.46,1351,0.0,-507.46,-507.46
-503.11,1352,0.0,-503.11,-503.11
-508.69,1353,0.0,-508.69,-508.69
-511.06,1354,0.0,-511.06,-511.06
-511.1,1355,0.0,-511.1,-511.1
-507.8,1356,0.0,-507.8,-507.8
-507.1,1357,0.0,-507.1,-507.1
-513.05,1358,0.0,-513.05,-513.05
-511.92,1359,0.0,-511.92,-511.92
-508.95,1360,0.0,-508.95,-508.95
-514.07,1361,0.0,-514.07,-514.07
-502.58,1362,0.0,-502.58,-502.58
-508.35,1363,0.0,-508.35,-508.35
-510.9,1364,0.0,-510.9,-510.9
-506.21,1365,0.0,-506.21,-506.21
-511.03,1366,0.0,-511.03,-511.03
-507.13,1367,0.0,-507.13,-507.13
-503.31,1368,0.0,-503.31,-503.31
-515.15,1369,0.0,-515.15,-515.15
-510.98,1370,0.0,-510.98,-510.98
-503.28,1371,0.0,-503.28,-503.28
-493.54,1372,0.0,-493.54,-493.54
-498.17,1373,0.0,-498.17,-498.17
-510.53,1374,0.0,-510.53,-510.53
-507.88,1375,0.0,-507.88,-507.88
-504.72,1376,0.0,-504.72,-504.72
-512.47,1377,0.0,-512.47,-512.47
-497.48,1378,0.0,-497.48,-497.48
-507.77,1379,0.0,-507.77,-507.77
-498.65,1380,0.0,-498.65,-498.65
-508.81,1381,0.0,-508.81,-508.81
-510.88,1382,0.0,-510.88,-510.88
-504.38,1383,0.0,-504.38,-504.38
-505.72,1384,0.0,-505.72,-505.72
-498.16,1385,0.0,-498.16,-498.16
-509.73,1386,0.0,-509.73,-509.73
-507.83,1387,0.0,-507.83,-507.83
-514.22,1388,0.0,-514.22,-514.22
-510.52,1389,0.0,-510.52,-510.52
-510.83,1390,0.0,-510.83,-510.83
-516.33,1391,0.0,-516.33,-516.33
-493.32,1392,0.0,-493.32,-493.32
-510.58,1393,0.0,-510.58,-510.58
-510.89,1394,0.0,-510.89,-510.89
-514.48,1395,0.0,-514.48,-514.48
-509.78,1396,0.0,-509.78,-509.78
-500.46,1397,0.0,-500.46,-500.46
-504.32,1398,0.0,-504.32,-504.32
-510.79,1399,0.0,-510.79,-510.79
-509.07,1400,0.0,-509.07,-509.07
-506.81,1401,0.0,-506.81,-506.81
-500.08,1402,0.0,-500.08,-500.08
-506.35,1403,0.0,-506.35,-506.35
-511.35,1404,0.0,-511.35,-511.35
-512.46,1405,0.0,-512.46,-512.46
-499.01,1406,0.0,-499.01,-499.01
-511.17,1407,0.0,-511.17,-511.17
-510.21,1408,0.0,-510.21,-510.21
-497.64,1409,0.0,-497.64,-497.64
-504.26,1410,0.0,-504.26,-504.26
-509.9,1411,0.0,-509.9,-509.9
-510.2,1412,0.0,-510.2,-510.2
-505.46,1413,0.0,-505.46,-505.46
-505.5,1414,0.0,-505.5,-505.5
-511.54,1415,0.0,-511.54,-511.54
-509.48,1416,0.0,-509.48,-509.48
-506.76,1417,0.0,-506.76,-506.76
-504.26,1418,0.0,-504.26,-504.26
-511.94,1419,0.0,-511.94,-511.94
-509.11,1420,0.0,-509.11,-509.11
-509.31,1421,0.0,-509.31,-509.31
-510.55,1422,0.0,-510.55,-510.55
-511.02,1423,0.0,-511.02,-511.02
-509.66,1424,0.0,-509.66,-509.66
-505.52,1425,0.0,-505.52,-505.52
-511.28,1426,0.0,-511.28,-511.28
-506.49,1427,0.0,-506.49,-506.49
-504.45,1428,0.0,-504.45,-504.45
-511.02,1429,0.0,-511.02,-511.02
-508.85,1430,0.0,-508.85,-508.85
-498.76,1431,0.0,-498.76,-498.76
-497.11,1432,0.0,-497.11,-497.11
-498.15,1433,0.0,-498.15,-498.15
-512.26,1434,0.0,-512.26,-512.26
-504.76,1435,0.0,-504.76,-504.76
-510.96,1436,0.0,-510.96,-510.96
-504.34,1437,0.0,-504.34,-504.34
-509.16,1438,0.0,-509.16,-509.16
-511.41,1439,0.0,-511.41,-511.41
-512.82,1440,0.0,-512.82,-512.82
-510.27,1441,0.0,-510.27,-510.27
-503.76,1442,0.0,-503.76,-503.76
-510.38,1443,0.0,-510.38,-510.38
-508.57,1444,0.0,-508.57,-508.57
-507.85,1445,0.0,-507.85,-507.85
-499.29,1446,0.0,-499.29,-499.29
-508.42,1447,0.0,-508.42,-508.42
-499.16,1448,0.0,-499.16,-499.16
-494.07,1449,0.0,-494.07,-494.07
-505.37,1450,0.0,-505.37,-505.37
-509.4,1451,0.0,-509.4,-509.4
-505.32,1452,0.0,-505.32,-505.32
-499.08,1453,0.0,-499.08,-499.08
-496.55,1454,0.0,-496.55,-496.55
-503.4,1455,0.0,-503.4,-503.4
-504.36,1456,0.0,-504.36,-504.36
-512.46,1457,0.0,-512.46,-512.46
-508.38,1458,0.0,-508.38,-508.38
-509.67,1459,0.0,-509.67,-509.67
-500.03,1460,0.0,-500.03,-500.03
-511.09,1461,0.0,-511.09,-511.09
-504.27,1462,0.0,-504.27,-504.27
-494.57,1463,0.0,-494.57,-494.57
-507.99,1464,0.0,-507.99,-507.99
-502.15,1465,0.0,-502.15,-502.15
-504.27,1466,0.0,-504.27,-504.27
-504.53,1467,0.0,-504.53,-504.53
-509.37,1468,0.0,-509.37,-509.37
-508.28,1469,0.0,-508.28,-508.28
-512.4,1470,0.0,-512.4,-512.4
-510.84,1471,0.0,-510.84,-510.84
-491.54,1472,0.0,-491.54,-491.54
-503.27,1473,0.0,-503.27,-503.27
-493.66,1474,0.0,-493.66,-493.66
-511.65,1475,0.0,-511.65,-511.65
-502.46,1476,0.0,-502.46,-502.46
-512.81,1477,0.0,-512.81,-512.81
-511.2,1478,0.0,-511.2,-511.2
-509.31,1479,0.0,-509.31,-509.31
-508.47,1480,0.0,-508.47,-508.47
-509.0,1481,0.0,-509.0,-509.0
-511.96,1482,0.0,-511.96,-511.96
-507.38,1483,0.0,-507.38,-507.38
-503.65,1484,0.0,-503.65,-503.65
-505.48,1485,0.0,-505.48,-505.48
-511.36,1486,0.0,-511.36,-511.36
-503.5,1487,0.0,-503.5,-503.5
-508.76,1488,0.0,-508.76,-508.76
-512.56,1489,0.0,-512.56,-512.56
-503.04,1490,0.0,-503.04,-503.04
-503.08,1491,0.0,-503.08,-503.08
-509.76,1492,0.0,-509.76,-509.76
-507.4,1493,0.0,-507.4,-507.4
-502.94,1494,0.0,-502.94,-502.94
-510.19,1495,0.0,-510.19,-510.19
-500.55,1496,0.0,-500.55,-500.55
-505.81,1497,0.0,-505.81,-505.81
-503.4,1498,0.0,-503.4,-503.4
-493.73,1499,0.0,-493.73,-493.73
-504.94,1500,0.0,-504.94,-504.94
-512.93,1501,0.0,-512.93,-512.93
-506.49,1502,0.0,-506.49,-506.49
-504.79,1503,0.0,-504.79,-504.79
-511.1,1504,0.0,-511.1,-511.1
-502.9,1505,0.0,-502.9,-502.9
-511.38,1506,0.0,-511.38,-511.38
-503.44,1507,0.0,-503.44,-503.44
-502.74,1508,0.0,-502.74,-502.74
-503.48,1509,0.0,-503.48,-503.48
-498.77,1510,0.0,-498.77,-498.77
-510.62,1511,0.0,-510.62,-510.62
-497.47,1512,0.0,-497.47,-497.47
-506.74,1513,0.0,-506.74,-506.74
-510.97,1514,0.0,-510.97,-510.97
-503.42,1515,0.0,-503.42,-503.42
-510.04,1516,0.0,-510.04,-510.04
-505.12,1517,0.0,-505.12,-505.12
-512.46,1518,0.0,-512.46,-512.46
-503.54,1519,0.0,-503.54,-503.54
-505.85,1520,0.0,-505.85,-505.85
-508.98,1521,0.0,-508.98,-508.98
-504.07,1522,0.0,-504.07,-504.07
-504.35,1523,0.0,-504.35,-504.35
-509.87,1524,0.0,-509.87,-509.87
-510.13,1525,0.0,-510.13,-510.13
-511.05,1526,0.0,-511.05,-511.05
-503.88,1527,0.0,-503.88,-503.88
-502.73,1528,0.0,-502.73,-502.73
-493.18,1529,0.0,-493.18,-493.18
-509.04,1530,0.0,-509.04,-509.04
-509.09,1531,0.0,-509.09,-509.09
-501.33,1532,0.0,-501.33,-501.33
-505.61,1533,0.0,-505.61,-505.61
-511.15,1534,0.0,-511.15,-511.15
-508.04,1535,0.0,-508.04,-508.04
-510.65,1536,0.0,-510.65,-510.65
-511.51,1537,0.0,-511.51,-511.51
-508.56,1538,0.0,-508.56,-508.56
-512.56,1539,0.0,-512.56,-512.56
-510.8,1540,0.0,-510.8,-510.8
-503.5,1541,0.0,-503.5,-503.5
-493.34,1542,0.0,-493.34,-493.34
-503.99,1543,0.0,-503.99,-503.99
-506.59,1544,0.0,-506.59,-506.59
-511.11,1545,0.0,-511.11,-511.11
-510.56,1546,0.0,-510.56,-510.56
-509.86,1547,0.0,-509.86,-509.86
-510.4,1548,0.0,-510.4,-510.4
-508.28,1549,0.0,-508.28,-508.28
-503.07,1550,0.0,-503.07,-503.07
-503.35,1551,0.0,-503.35,-503.35
-509.61,1552,0.0,-509.61,-509.61
-509.01,1553,0.0,-509.01,-509.01
-498.8,1554,0.0,-498.8,-498.8
-509.98,1555,0.0,-509.98,-509.98
-498.06,1556,0.0,-498.06,-498.06
-502.89,1557,0.0,-502.89,-502.89
-500.75,1558,0.0,-500.75,-500.75
-503.93,1559,0.0,-503.93,-503.93
-495.94,1560,0.0,-495.94,-495.94
-497.37,1561,0.0,-497.37,-497.37
-503.79,1562,0.0,-503.79,-503.79
-512.4,1563,0.0,-512.4,-512.4
-508.31,1564,0.0,-508.31,-508.31
-508.46,1565,0.0,-508.46,-508.46
-497.18,1566,0.0,-497.18,-497.18
-505.0,1567,0.0,-505.0,-505.0
-508.39,1568,0.0,-508.39,-508.39
-511.28,1569,0.0,-511.28,-511.28
-510.33,1570,0.0,-510.33,-510.33
-506.97,1571,0.0,-506.97,-506.97
-508.49,1572,0.0,-508.49,-508.49
-505.51,1573,0.0,-505.51,-505.51
-510.29,1574,0.0,-510.29,-510.29
-498.66,1575,0.0,-498.66,-498.66
-512.19,1576,0.0,-512.19,-512.19
-498.21,1577,0.0,-498.21,-498.21
-509.64,1578,0.0,-509.64,-509.64
-502.37,1579,0.0,-502.37,-502.37
-509.01,1580,0.0,-509.01,-509.01
-510.48,1581,0.0,-510.48,-510.48
-510.21,1582,0.0,-510.21,-510.21
-492.46,1583,0.0,-492.46,-492.46
-485.73,1584,0.0,-485.73,-485.73
-510.46,1585,0.0,-510.46,-510.46
-499.09,1586,0.0,-499.09,-499.09
-499.53,1587,0.0,-499.53,-499.53
-508.27,1588,0.0,-508.27,-508.27
-509.8,1589,0.0,-509.8,-509.8
-496.42,1590,0.0,-496.42,-496.42
-510.56,1591,0.0,-510.56,-510.56
-504.05,1592,0.0,-504.05,-504.05
-498.09,1593,0.0,-498.09,-498.09
-505.44,1594,0.0,-505.44,-505.44
-486.03,1595,0.0,-486.03,-486.03
-504.12,1596,0.0,-504.12,-504.12
-508.81,1597,0.0,-508.81,-508.81
-504.15,1598,0.0,-504.15,-504.15
-504.47,1599,0.0,-504.47,-504.47
-502.95,1600,0.0,-502.95,-502.95
-510.81,1601,0.0,-510.81,-510.81
-508.82,1602,0.0,-508.82,-508.82
-508.37,1603,0.0,-508.37,-508.37
-509.86,1604,0.0,-509.86,-509.86
-505.91,1605,0.0,-505.91,-505.91
-511.63,1606,0.0,-511.63,-511.63
-505.13,1607,0.0,-505.13,-505.13
-510.28,1608,0.0,-510.28,-510.28
-510.97,1609,0.0,-510.97,-510.97
-510.33,1610,0.0,-510.33,-510.33
-512.11,1611,0.0,-512.11,-512.11
-510.33,1612,0.0,-510.33,-510.33
-505.76,1613,0.0,-505.76,-505.76
-505.72,1614,0.0,-505.72,-505.72
-505.74,1615,0.0,-505.74,-505.74
-503.67,1616,0.0,-503.67,-503.67
-506.52,1617,0.0,-506.52,-506.52
-509.32,1618,0.0,-509.32,-509.32
-511.5,1619,0.0,-511.5,-511.5
-493.95,1620,0.0,-493.95,-493.95
-510.72,1621,0.0,-510.72,-510.72
-510.28,1622,0.0,-510.28,-510.28
-498.45,1623,0.0,-498.45,-498.45
-511.52,1624,0.0,-511.52,-511.52
-510.0,1625,0.0,-510.0,-510.0
-509.99,1626,0.0,-509.99,-509.99
-492.77,1627,0.0,-492.77,-492.77
-502.47,1628,0.0,-502.47,-502.47
-509.37,1629,0.0,-509.37,-509.37
-509.92,1630,0.0,-509.92,-509.92
-501.92,1631,0.0,-501.92,-501.92
-498.95,1632,0.0,-498.95,-498.95
-502.02,1633,0.0,-502.02,-502.02
-504.05,1634,0.0,-504.05,-504.05
-494.53,1635,0.0,-494.53,-494.53
-510.44,1636,0.0,-510.44,-510.44
-504.67,1637,0.0,-504.67,-504.67
-503.28,1638,0.0,-503.28,-503.28
-506.83,1639,0.0,-506.83,-506.83
-503.82,1640,0.0,-503.82,-503.82
-504.09,1641,0.0,-504.09,-504.09
-511.34,1642,0.0,-511.34,-511.34
-505.21,1643,0.0,-505.21,-505.21
-504.06,1644,0.0,-504.06,-504.06
-493.39,1645,0.0,-493.39,-493.39
-513.89,1646,0.0,-513.89,-513.89
-498.24,1647,0.0,-498.24,-498.24
-505.65,1648,0.0,-505.65,-505.65
-509.6,1649,0.0,-509.6,-509.6
-504.89,1650,0.0,-504.89,-504.89
-503.78,1651,0.0,-503.78,-503.78
-508.32,1652,0.0,-508.32,-508.32
-492.82,1653,0.0,-492.82,-492.82
-510.15,1654,0.0,-510.15,-510.15
-498.94,1655,0.0,-498.94,-498.94
-508.59,1656,0.0,-508.59,-508.59
-513.79,1657,0.0,-513.79,-513.79
-510.67,1658,0.0,-510.67,-510.67
-508.73,1659,0.0,-508.73,-508.73
-512.24,1660,0.0,-512.24,-512.24
-502.99,1661,0.0,-502.99,-502.99
-504.8,1662,0.0,-504.8,-504.8
-497.8,1663,0.0,-497.8,-497.8
-512.41,1664,0.0,-512.41,-512.41
-510.39,1665,0.0,-510.39,-510.39
-504.64,1666,0.0,-504.64,-504.64
-505.8,1667,0.0,-505.8,-505.8
-497.24,1668,0.0,-497.24,-497.24
-511.57,1669,0.0,-511.57,-511.57
-509.07,1670,0.0,-509.07,-509.07
-498.28,1671,0.0,-498.28,-498.28
-509.29,1672,0.0,-509.29,-509.29
-511.9,1673,0.0,-511.9,-511.9
-512.95,1674,0.0,-512.95,-512.95
-511.18,1675,0.0,-511.18,-511.18
-511.94,1676,0.0,-511.94,-511.94
-505.93,1677,0.0,-505.93,-505.93
-510.01,1678,0.0,-510.01,-510.01
-510.8,1679,0.0,-510.8,-510.8
-509.89,1680,0.0,-509.89,-509.89
-498.67,1681,0.0,-498.67,-498.67
-512.66,1682,0.0,-512.66,-512.66
-510.38,1683,0.0,-510.38,-510.38
-507.72,1684,0.0,-507.72,-507.72
-506.38,1685,0.0,-506.38,-506.38
-510.23,1686,0.0,-510.23,-510.23
-503.99,1687,0.0,-503.99,-503.99
-498.45,1688,0.0,-498.45,-498.45
-509.76,1689,0.0,-509.76,-509.76
-509.02,1690,0.0,-509.02,-509.02
-504.36,1691,0.0,-504.36,-504.36
-505.33,1692,0.0,-505.33,-505.33
-508.58,1693,0.0,-508.58,-508.58
-497.01,1694,0.0,-497.01,-497.01
-504.07,1695,0.0,-504.07,-504.07
-509.22,1696,0.0,-509.22,-509.22
-510.8,1697,0.0,-510.8,-510.8
-503.57,1698,0.0,-503.57,-503.57
-512.35,1699,0.0,-512.35,-512.35
-497.36,1700,0.0,-497.36,-497.36
-511.38,1701,0.0,-511.38,-511.38
-505.78,1702,0.0,-505.78,-505.78
-497.9,1703,0.0,-497.9,-497.9
-511.41,1704,0.0,-511.41,-511.41
-504.51,1705,0.0,-504.51,-504.51
-509.99,1706,0.0,-509.99,-509.99
-511.31,1707,0.0,-511.31,-511.31
-497.67,1708,0.0,-497.67,-497.67
-512.53,1709,0.0,-512.53,-512.53
-497.6,1710,0.0,-497.6,-497.6
-487.87,1711,0.0,-487.87,-487.87
-508.13,1712,0.0,-508.13,-508.13
-503.45,1713,0.0,-503.45,-503.45
-510.73,1714,0.0,-510.73,-510.73
-486.24,1715,0.0,-486.24,-486.24
-498.16,1716,0.0,-498.16,-498.16
-504.83,1717,0.0,-504.83,-504.83
-509.79,1718,0.0,-509.79,-509.79
-510.25,1719,0.0,-510.25,-510.25
-499.05,1720,0.0,-499.05,-499.05
-499.93,1721,0.0,-499.93,-499.93
-510.01,1722,0.0,-510.01,-510.01
-504.14,1723,0.0,-504.14,-504.14
-510.64,1724,0.0,-510.64,-510.64
-504.78,1725,0.0,-504.78,-504.78
-510.41,1726,0.0,-510.41,-510.41
-508.59,1727,0.0,-508.59,-508.59
-512.48,1728,0.0,-512.48,-512.48
-508.35,1729,0.0,-508.35,-508.35
-504.35,1730,0.0,-504.35,-504.35
-506.27,1731,0.0,-506.27,-506.27
-503.94,1732,0.0,-503.94,-503.94
-509.89,1733,0.0,-509.89,-509.89
-507.69,1734,0.0,-507.69,-507.69
-504.56,1735,0.0,-504.56,-504.56
-496.96,1736,0.0,-496.96,-496.96
-509.18,1737,0.0,-509.18,-509.18
-497.54,1738,0.0,-497.54,-497.54
-504.27,1739,0.0,-504.27,-504.27
-509.18,1740,0.0,-509.18,-509.18
-506.05,1741,0.0,-506.05,-506.05
-498.67,1742,0.0,-498.67,-498.67
-503.15,1743,0.0,-503.15,-503.15
-513.43,1744,0.0,-513.43,-513.43
-503.94,1745,0.0,-503.94,-503.94
-508.56,1746,0.0,-508.56,-508.56
-509.43,1747,0.0,-509.43,-509.43
-503.4,1748,0.0,-503.4,-503.4
-503.98,1749,0.0,-503.98,-503.98
-497.71,1750,0.0,-497.71,-497.71
-507.82,1751,0.0,-507.82,-507.82
-504.53,1752,0.0,-504.53,-504.53
-501.9,1753,0.0,-501.9,-501.9
-511.16,1754,0.0,-511.16,-511.16
-504.11,1755,0.0,-504.11,-504.11
-505.01,1756,0.0,-505.01,-505.01
-509.24,1757,0.0,-509.24,-509.24
-510.39,1758,0.0,-510.39,-510.39
-505.65,1759,0.0,-505.65,-505.65
-505.28,1760,0.0,-505.28,-505.28
-509.95,1761,0.0,-509.95,-509.95
-504.72,1762,0.0,-504.72,-504.72
-511.92,1763,0.0,-511.92,-511.92
-498.63,1764,0.0,-498.63,-498.63
-511.48,1765,0.0,-511.48,-511.48
-509.8,1766,0.0,-509.8,-509.8
-499.53,1767,0.0,-499.53,-499.53
-510.7,1768,0.0,-510.7,-510.7
-508.2,1769,0.0,-508.2,-508.2
-505.78,1770,0.0,-505.78,-505.78
-498.6,1771,0.0,-498.6,-498.6
-498.39,1772,0.0,-498.39,-498.39
-509.47,1773,0.0,-509.47,-509.47
-508.0,1774,0.0,-508.0,-508.0
-491.1,1775,0.0,-491.1,-491.1
-503.25,1776,0.0,-503.25,-503.25
-510.76,1777,0.0,-510.76,-510.76
-498.86,1778,0.0,-498.86,-498.86
-509.96,1779,0.0,-509.96,-509.96
-499.49,1780,0.0,-499.49,-499.49
-502.57,1781,0.0,-502.57,-502.57
-511.61,1782,0.0,-511.61,-511.61
-498.63,1783,0.0,-498.63,-498.63
-510.96,1784,0.0,-510.96,-510.96
-504.35,1785,0.0,-504.35,-504.35
-503.45,1786,0.0,-503.45,-503.45
-508.86,1787,0.0,-508.86,-508.86
-503.66,1788,0.0,-503.66,-503.66
-504.69,1789,0.0,-504.69,-504.69
-505.86,1790,0.0,-505.86,-505.86
-508.82,1791,0.0,-508.82,-508.82
-505.74,1792,0.0,-505.74,-505.74
-497.79,1793,0.0,-497.79,-497.79
-505.13,1794,0.0,-505.13,-505.13
-502.44,1795,0.0,-502.44,-502.44
-504.36,1796,0.0,-504.36,-504.36
-509.82,1797,0.0,-509.82,-509.82
-507.02,1798,0.0,-507.02,-507.02
-507.82,1799,0.0,-507.82,-507.82
-512.62,1800,0.0,-512.62,-512.62
-504.35,1801,0.0,-504.35,-504.35
-498.25,1802,0.0,-498.25,-498.25
-512.05,1803,0.0,-512.05,-512.05
-510.23,1804,0.0,-510.23,-510.23
-510.45,1805,0.0,-510.45,-510.45
-510.18,1806,0.0,-510.18,-510.18
-509.14,1807,0.0,-509.14,-509.14
-504.03,1808,0.0,-504.03,-504.03
-503.79,1809,0.0,-503.79,-503.79
-499.23,1810,0.0,-499.23,-499.23
-510.06,1811,0.0,-510.06,-510.06
-500.26,1812,0.0,-500.26,-500.26
-507.92,1813,0.0,-507.92,-507.92
-506.1,1814,0.0,-506.1,-506.1
-502.59,1815,0.0,-502.59,-502.59
-505.78,1816,0.0,-505.78,-505.78
-494.75,1817,0.0,-494.75,-494.75
-500.05,1818,0.0,-500.05,-500.05
-503.09,1819,0.0,-503.09,-503.09
-504.58,1820,0.0,-504.58,-504.58
-512.18,1821,0.0,-512.18,-512.18
-505.92,1822,0.0,-505.92,-505.92
-504.44,1823,0.0,-504.44,-504.44
-511.06,1824,0.0,-511.06,-511.06
-504.93,1825,0.0,-504.93,-504.93
-487.8,1826,0.0,-487.8,-487.8
-509.24,1827,0.0,-509.24,-509.24
-498.75,1828,0.0,-498.75,-498.75
-503.12,1829,0.0,-503.12,-503.12
-501.81,1830,0.0,-501.81,-501.81
-502.93,1831,0.0,-502.93,-502.93
-502.9,1832,0.0,-502.9,-502.9
-510.3,1833,0.0,-510.3,-510.3
-504.39,1834,0.0,-504.39,-504.39
-504.16,1835,0.0,-504.16,-504.16
-502.71,1836,0.0,-502.71,-502.71
-503.88,1837,0.0,-503.88,-503.88
-490.51,1838,0.0,-490.51,-490.51
-510.79,1839,0.0,-510.79,-510.79
-511.52,1840,0.0,-511.52,-511.52
-498.32,1841,0.0,-498.32,-498.32
-510.65,1842,0.0,-510.65,-510.65
-509.37,1843,0.0,-509.37,-509.37
-504.45,1844,0.0,-504.45,-504.45
-503.61,1845,0.0,-503.61,-503.61
-511.76,1846,0.0,-511.76,-511.76
-510.77,1847,0.0,-510.77,-510.77
-509.31,1848,0.0,-509.31,-509.31
-510.07,1849,0.0,-510.07,-510.07
-512.66,1850,0.0,-512.66,-512.66
-508.11,1851,0.0,-508.11,-508.11
-492.98,1852,0.0,-492.98,-492.98
-503.69,1853,0.0,-503.69,-503.69
-510.78,1854,0.0,-510.78,-510.78
-497.9,1855,0.0,-497.9,-497.9
-508.78,1856,0.0,-508.78,-508.78
-511.36,1857,0.0,-511.36,-511.36
-510.38,1858,0.0,-510.38,-510.38
-504.74,1859,0.0,-504.74,-504.74
-505.35,1860,0.0,-505.35,-505.35
-510.12,1861,0.0,-510.12,-510.12
-504.29,1862,0.0,-504.29,-504.29
-503.5,1863,0.0,-503.5,-503.5
-509.76,1864,0.0,-509.76,-509.76
-503.76,1865,0.0,-503.76,-503.76
-512.46,1866,0.0,-512.46,-512.46
-503.79,1867,0.0,-503.79,-503.79
-510.39,1868,0.0,-510.39,-510.39
-511.05,1869,0.0,-511.05,-511.05
-500.71,1870,0.0,-500.71,-500.71
-508.39,1871,0.0,-508.39,-508.39
-504.15,1872,0.0,-504.15,-504.15
-492.38,1873,0.0,-492.38,-492.38
-509.2,1874,0.0,-509.2,-509.2
-503.57,1875,0.0,-503.57,-503.57
-509.84,1876,0.0,-509.84,-509.84
-498.94,1877,0.0,-498.94,-498.94
-504.7,1878,0.0,-504.7,-504.7
-509.38,1879,0.0,-509.38,-509.38
-510.93,1880,0.0,-510.93,-510.93
-500.61,1881,0.0,-500.61,-500.61
-505.33,1882,0.0,-505.33,-505.33
-492.89,1883,0.0,-492.89,-492.89
-508.72,1884,0.0,-508.72,-508.72
-513.63,1885,0.0,-513.63,-513.63
-509.96,1886,0.0,-509.96,-509.96
-504.29,1887,0.0,-504.29,-504.29
-508.67,1888,0.0,-508.67,-508.67
-511.5,1889,0.0,-511.5,-511.5
-507.26,1890,0.0,-507.26,-507.26
-504.11,1891,0.0,-504.11,-504.11
-492.62,1892,0.0,-492.62,-492.62
-510.75,1893,0.0,-510.75,-510.75
-504.79,1894,0.0,-504.79,-504.79
-509.4,1895,0.0,-509.4,-509.4
-504.85,1896,0.0,-504.85,-504.85
-511.89,1897,0.0,-511.89,-511.89
-501.81,1898,0.0,-501.81,-501.81
-499.89,1899,0.0,-499.89,-499.89
-505.81,1900,0.0,-505.81,-505.81
-505.23,1901,0.0,-505.23,-505.23
-499.45,1902,0.0,-499.45,-499.45
-492.82,1903,0.0,-492.82,-492.82
-505.22,1904,0.0,-505.22,-505.22
-502.95,1905,0.0,-502.95,-502.95
-504.69,1906,0.0,-504.69,-504.69
-511.57,1907,0.0,-511.57,-511.57
-508.46,1908,0.0,-508.46,-508.46
-510.92,1909,0.0,-510.92,-510.92
-499.23,1910,0.0,-499.23,-499.23
-513.9,1911,0.0,-513.9,-513.9
-506.08,1912,0.0,-506.08,-506.08
-504.54,1913,0.0,-504.54,-504.54
-506.72,1914,0.0,-506.72,-506.72
-505.29,1915,0.0,-505.29,-505.29
-512.62,1916,0.0,-512.62,-512.62
-506.26,1917,0.0,-506.26,-506.26
-508.2,1918,0.0,-508.2,-508.2
-500.41,1919,0.0,-500.41,-500.41
-503.87,1920,0.0,-503.87,-503.87
-510.8,1921,0.0,-510.8,-510.8
-504.39,1922,0.0,-504.39,-504.39
-503.64,1923,0.0,-503.64,-503.64
-509.28,1924,0.0,-509.28,-509.28
-511.46,1925,0.0,-511.46,-511.46
-495.83,1926,0.0,-495.83,-495.83
-510.65,1927,0.0,-510.65,-510.65
-510.57,1928,0.0,-510.57,-510.57
-511.34,1929,0.0,-511.34,-511.34
-508.83,1930,0.0,-508.83,-508.83
-509.44,1931,0.0,-509.44,-509.44
-510.0,1932,0.0,-510.0,-510.0
-511.93,1933,0.0,-511.93,-511.93
-512.1,1934,0.0,-512.1,-512.1
-509.71,1935,0.0,-509.71,-509.71
-505.6,1936,0.0,-505.6,-505.6
-502.83,1937,0.0,-502.83,-502.83
-503.35,1938,0.0,-503.35,-503.35
-509.87,1939,0.0,-509.87,-509.87
-509.32,1940,0.0,-509.32,-509.32
-512.12,1941,0.0,-512.12,-512.12
-510.73,1942,0.0,-510.73,-510.73
-497.72,1943,0.0,-497.72,-497.72
-510.77,1944,0.0,-510.77,-510.77
-511.34,1945,0.0,-511.34,-511.34
-511.05,1946,0.0,-511.05,-511.05
-509.37,1947,0.0,-509.37,-509.37
-496.84,1948,0.0,-496.84,-496.84
-491.87,1949,0.0,-491.87,-491.87
-505.88,1950,0.0,-505.88,-505.88
-497.72,1951,0.0,-497.72,-497.72
-500.12,1952,0.0,-500.12,-500.12
-504.21,1953,0.0,-504.21,-504.21
-509.99,1954,0.0,-509.99,-509.99
-506.25,1955,0.0,-506.25,-506.25
-506.2,1956,0.0,-506.2,-506.2
-508.87,1957,0.0,-508.87,-508.87
-503.35,1958,0.0,-503.35,-503.35
-512.24,1959,0.0,-512.24,-512.24
-507.02,1960,0.0,-507.02,-507.02
-509.05,1961,0.0,-509.05,-509.05
-510.2,1962,0.0,-510.2,-510.2
-508.08,1963,0.0,-508.08,-508.08
-497.88,1964,0.0,-497.88,-497.88
-498.57,1965,0.0,-498.57,-498.57
-506.86,1966,0.0,-506.86,-506.86
-504.66,1967,0.0,-504.66,-504.66
-513.99,1968,0.0,-513.99,-513.99
-508.86,1969,0.0,-508.86,-508.86
-513.18,1970,0.0,-513.18,-513.18
-502.47,1971,0.0,-502.47,-502.47
-504.12,1972,0.0,-504.12,-504.12
-502.56,1973,0.0,-502.56,-502.56
-506.12,1974,0.0,-506.12,-506.12
-500.42,1975,0.0,-500.42,-500.42
-506.77,1976,0.0,-506.77,-506.77
-505.42,1977,0.0,-505.42,-505.42
-509.55,1978,0.0,-509.55,-509.55
-497.9,1979,0.0,-497.9,-497.9
-505.05,1980,0.0,-505.05,-505.05
-508.73,1981,0.0,-508.73,-508.73
-504.31,1982,0.0,-504.31,-504.31
-509.93,1983,0.0,-509.93,-509.93
-499.99,1984,0.0,-499.99,-499.99
-508.33,1985,0.0,-508.33,-508.33
-502.5,1986,0.0,-502.5,-502.5
-492.74,1987,0.0,-492.74,-492.74
-503.94,1988,0.0,-503.94,-503.94
-509.23,1989,0.0,-509.23,-509.23
-504.45,1990,0.0,-504.45,-504.45
-498.63,1991,0.0,-498.63,-498.63
-510.1,1992,0.0,-510.1,-510.1
-502.6,1993,0.0,-502.6,-502.6
-502.1,1994,0.0,-502.1,-502.1
-505.49,1995,0.0,-505.49,-505.49
-508.6,1996,0.0,-508.6,-508.6
-502.38,1997,0.0,-502.38,-502.38
-498.12,1998,0.0,-498.12,-498.12
-505.95,1999,0.0,-505.95,-505.95
